date,name,value
1/1/2000,Coca-Cola,72537
1/1/2000,Microsoft,70196
1/1/2000,IBM,53183
1/1/2000,Intel,39048
1/1/2000,Nokia,38528
1/1/2000,GE,38127
1/1/2000,Ford,36368
1/1/2000,Disney,33553
1/1/2000,McDonald's,27859
1/1/2000,AT&T,25548
1/1/2000,Marlboro,22110
1/1/2000,Mercedes-Benz,21104
1/1/2000,HP,20572
1/1/2000,Cisco,20067
1/1/2000,Toyota,18823
1/1/2000,Citi,18809
1/1/2000,Gillette,17358
1/1/2000,Sony,16409
1/1/2000,American Express,16122
1/1/2000,Honda,15244
1/1/2000,Compaq,14602
1/1/2000,NESCAF??,13680
1/1/2000,BMW,12969
1/1/2000,Kodak,11822
1/1/2000,Heinz,11742
1/1/2000,Budweiser,10684
1/1/2000,Xerox,9699
1/1/2000,Dell,9476
1/1/2000,Gap,9316
1/1/2000,Nike,8015
1/1/2000,Volkswagen,7834
1/1/2000,Ericsson,7805
1/1/2000,Kellogg's,7357
1/1/2000,Louis Vuitton,6887
1/1/2000,Pepsi,6636
1/1/2000,Apple,6594
1/1/2000,MTV,6411
1/1/2000,Yahoo!,6299
1/1/2000,SAP,6135
1/1/2000,IKEA,6031
1/1/2000,Duracell,5885
1/1/2000,Philips,5481
1/1/2000,Samsung,5223
1/1/2000,Gucci,5149
1/1/2000,Kleenex,5144
1/1/2000,Reuters,4876
1/1/2000,AOL,4531
1/1/2000,Amazon,4528
1/1/2000,Motorola,4445
1/1/2000,Colgate,4417
1/1/2000,Wrigley,4324
1/1/2000,Chanel,4141
1/1/2000,adidas,3791
1/1/2000,Panasonic,3734
1/1/2000,Rolex,3561
1/1/2000,Hertz,3438
1/1/2000,Bacardi,3187
1/1/2000,BP,3066
1/1/2000,Mo?®t & Chandon,2799
1/1/2000,Shell,2786
1/1/2000,Burger King,2701
1/1/2000,Smirnoff,2443
1/1/2000,Barbie,2315
1/1/2000,Heineken,2218
1/1/2000,Wall Street Journal,2184
1/1/2000,Ralph Lauren,1834
1/1/2000,Johnnie Walker,1541
1/1/2000,Hilton,1483
1/1/2000,Jack Daniel's,1480
1/1/2000,Armani,1456
1/1/2000,Pampers,1400
1/1/2000,Starbucks,1329
1/1/2000,Guinness,1224
1/1/2000,Financial Times,1148
1/1/2000,Benetton,1008
1/1/2001,Coca-Cola,68945
1/1/2001,Microsoft,65068
1/1/2001,IBM,52752
1/1/2001,GE,42396
1/1/2001,Nokia,35035
1/1/2001,Intel,34665
1/1/2001,Disney,32591
1/1/2001,Ford,30092
1/1/2001,McDonald's,25289
1/1/2001,AT&T,22828
1/1/2001,Marlboro,22053
1/1/2001,Mercedes-Benz,21728
1/1/2001,Citi,19005
1/1/2001,Toyota,18578
1/1/2001,HP,17983
1/1/2001,Cisco,17209
1/1/2001,American Express,16919
1/1/2001,Gillette,15298
1/1/2001,Merrill Lynch,15015
1/1/2001,Sony,15005
1/1/2001,Honda,14638
1/1/2001,BMW,13858
1/1/2001,NESCAF??,13250
1/1/2001,Compaq,12354
1/1/2001,Oracle,12224
1/1/2001,Budweiser,10838
1/1/2001,Kodak,10801
1/1/2001,"Merck & Co., Inc.",9672
1/1/2001,Nintendo,9460
1/1/2001,Pfizer,8951
1/1/2001,Gap,8746
1/1/2001,Dell,8269
1/1/2001,Goldman Sachs,7862
1/1/2001,Nike,7589
1/1/2001,Volkswagen,7338
1/1/2001,Ericsson,7069
1/1/2001,Heinz,7062
1/1/2001,Louis Vuitton,7053
1/1/2001,Kellogg's,7005
1/1/2001,MTV,6599
1/1/2001,Canon,6580
1/1/2001,Samsung,6374
1/1/2001,SAP,6307
1/1/2001,Pepsi,6214
1/1/2001,Xerox,6019
1/1/2001,IKEA,6005
1/1/2001,Pizza Hut,5978
1/1/2001,Harley-Davidson,5532
1/1/2001,Apple,5464
1/1/2001,Gucci,5363
1/1/2001,KFC,5261
1/1/2001,Reuters,5236
1/1/2001,Sun Microsystems,5149
1/1/2001,Kleenex,5085
1/1/2001,Philips,4900
1/1/2001,Colgate,4572
1/1/2001,Wrigley,4530
1/1/2001,AOL,4495
1/1/2001,Yahoo!,4378
1/1/2001,Avon,4369
1/1/2001,Chanel,4265
1/1/2001,Duracell,4140
1/1/2001,Boeing,4060
1/1/2001,Texas Instruments,4041
1/1/2001,Kraft,4032
1/1/2001,Motorola,3761
1/1/2001,Levi's,3747
1/1/2001,Time,3724
1/1/2001,Rolex,3701
1/1/2001,adidas,3650
1/1/2001,Hertz,3617
1/1/2001,Panasonic,3490
1/1/2001,Tiffany & Co.,3483
1/1/2001,BP,3247
1/1/2001,Bacardi,3204
1/1/2001,Amazon,3130
1/1/2001,Shell,2844
1/1/2001,Smirnoff,2594
1/1/2001,Mo?®t & Chandon,2470
1/1/2001,Burger King,2426
1/1/2001,Mobil,2415
1/1/2001,Heineken,2266
1/1/2001,Wall Street Journal,2184
1/1/2001,Barbie,2037
1/1/2001,Ralph Lauren,1910
1/1/2001,FedEx,1885
1/1/2001,Nivea,1782
1/1/2001,Starbucks,1757
1/1/2001,Johnnie Walker,1649
1/1/2001,Jack Daniel's,1583
1/1/2001,Armani,1490
1/1/2001,Pampers,1410
1/1/2001,Absolut,1378
1/1/2001,Guinness,1357
1/1/2001,Financial Times,1310
1/1/2001,Hilton,1235
1/1/2001,Carlsberg,1075
1/1/2001,Siemens,1029
1/1/2001,Swatch,1004
1/1/2001,Benetton,1002
1/1/2002,Coca-Cola,69637
1/1/2002,Microsoft,64091
1/1/2002,IBM,51188
1/1/2002,GE,41311
1/1/2002,Intel,30861
1/1/2002,Nokia,29970
1/1/2002,Disney,29256
1/1/2002,McDonald's,26375
1/1/2002,Marlboro,24151
1/1/2002,Mercedes-Benz,21010
1/1/2002,Ford,20403
1/1/2002,Toyota,19448
1/1/2002,Citi,18066
1/1/2002,HP,16776
1/1/2002,American Express,16287
1/1/2002,Cisco,16222
1/1/2002,AT&T,16059
1/1/2002,Honda,15064
1/1/2002,Gillette,14959
1/1/2002,BMW,14425
1/1/2002,Sony,13899
1/1/2002,NESCAF??,12843
1/1/2002,Oracle,11510
1/1/2002,Budweiser,11349
1/1/2002,Merrill Lynch,11230
1/1/2002,Morgan Stanley,11205
1/1/2002,Compaq,9803
1/1/2002,Pfizer,9770
1/1/2002,J.P. Morgan,9693
1/1/2002,Kodak,9671
1/1/2002,Dell,9237
1/1/2002,Nintendo,9219
1/1/2002,"Merck & Co., Inc.",9138
1/1/2002,Samsung,8310
1/1/2002,Nike,7724
1/1/2002,Gap,7406
1/1/2002,Heinz,7347
1/1/2002,Volkswagen,7209
1/1/2002,Goldman Sachs,7194
1/1/2002,Kellogg's,7191
1/1/2002,Louis Vuitton,7054
1/1/2002,SAP,6775
1/1/2002,Canon,6721
1/1/2002,IKEA,6545
1/1/2002,Pepsi,6394
1/1/2002,Harley-Davidson,6266
1/1/2002,MTV,6078
1/1/2002,Pizza Hut,6046
1/1/2002,KFC,5346
1/1/2002,Apple,5316
1/1/2002,Xerox,5308
1/1/2002,Gucci,5304
1/1/2002,Accenture,5182
1/1/2002,L'Or??al,5079
1/1/2002,Kleenex,5039
1/1/2002,Sun Microsystems,4773
1/1/2002,Wrigley,4747
1/1/2002,Reuters,4611
1/1/2002,Colgate,4602
1/1/2002,Philips,4561
1/1/2002,Nestl??,4430
1/1/2002,Avon,4399
1/1/2002,AOL,4326
1/1/2002,Chanel,4272
1/1/2002,Kraft,4079
1/1/2002,Danone,4054
1/1/2002,Yahoo!,3855
1/1/2002,adidas,3690
1/1/2002,Rolex,3686
1/1/2002,Time,3682
1/1/2002,Ericsson,3589
1/1/2002,Tiffany & Co.,3482
1/1/2002,Levi's,3454
1/1/2002,Motorola,3416
1/1/2002,Duracell,3409
1/1/2002,BP,3390
1/1/2002,Hertz,3362
1/1/2002,Bacardi,3341
1/1/2002,Caterpillar,3218
1/1/2002,Amazon,3175
1/1/2002,Panasonic,3141
1/1/2002,Boeing,2973
1/1/2002,Shell,2810
1/1/2002,Smirnoff,2723
1/1/2002,Johnson & Johnson,2509
1/1/2002,Prada,2489
1/1/2002,Mo?®t & Chandon,2445
1/1/2002,Heineken,2396
1/1/2002,Mobil,2358
1/1/2002,Burger King,2163
1/1/2002,Nivea,2059
1/1/2002,Wall Street Journal,1961
1/1/2002,Starbucks,1961
1/1/2002,Barbie,1937
1/1/2002,Ralph Lauren,1928
1/1/2002,FedEx,1919
1/1/2002,Johnnie Walker,1654
1/1/2002,Jack Daniel's,1580
1/1/2002,3M,1579
1/1/2002,Armani,1509
1/1/2003,Coca-Cola,70453
1/1/2003,Microsoft,65174
1/1/2003,IBM,51767
1/1/2003,GE,42340
1/1/2003,Intel,31112
1/1/2003,Nokia,29440
1/1/2003,Disney,28036
1/1/2003,McDonald's,24699
1/1/2003,Marlboro,22183
1/1/2003,Mercedes-Benz,21371
1/1/2003,Toyota,20784
1/1/2003,HP,19860
1/1/2003,Citi,18571
1/1/2003,Ford,17066
1/1/2003,American Express,16833
1/1/2003,Gillette,15978
1/1/2003,Cisco,15789
1/1/2003,Honda,15625
1/1/2003,BMW,15106
1/1/2003,Sony,13153
1/1/2003,NESCAF??,12336
1/1/2003,Budweiser,11894
1/1/2003,Pepsi,11777
1/1/2003,Oracle,11263
1/1/2003,Samsung,10846
1/1/2003,Morgan Stanley,10691
1/1/2003,Merrill Lynch,10521
1/1/2003,Pfizer,10455
1/1/2003,Dell,10367
1/1/2003,"Merck & Co., Inc.",9407
1/1/2003,J.P. Morgan,9120
1/1/2003,Nintendo,8190
1/1/2003,Nike,8167
1/1/2003,Kodak,7826
1/1/2003,SAP,7714
1/1/2003,Gap,7688
1/1/2003,HSBC,7565
1/1/2003,Kellogg's,7438
1/1/2003,Canon,7192
1/1/2003,Heinz,7097
1/1/2003,Goldman Sachs,7039
1/1/2003,Volkswagen,6938
1/1/2003,IKEA,6918
1/1/2003,Harley-Davidson,6775
1/1/2003,Louis Vuitton,6708
1/1/2003,MTV,6278
1/1/2003,L'Or??al,5600
1/1/2003,Xerox,5578
1/1/2003,KFC,5576
1/1/2003,Apple,5554
1/1/2003,Pizza Hut,5312
1/1/2003,Accenture,5301
1/1/2003,Gucci,5100
1/1/2003,Kleenex,5057
1/1/2003,Wrigley,5057
1/1/2003,Colgate,4686
1/1/2003,Avon,4631
1/1/2003,Sun Microsystems,4465
1/1/2003,Philips,4464
1/1/2003,Nestl??,4460
1/1/2003,Chanel,4315
1/1/2003,Danone,4237
1/1/2003,Kraft,4171
1/1/2003,AOL,3961
1/1/2003,Yahoo!,3895
1/1/2003,Time,3784
1/1/2003,adidas,3679
1/1/2003,Rolex,3673
1/1/2003,BP,3582
1/1/2003,Tiffany & Co.,3540
1/1/2003,Duracell,3438
1/1/2003,Bacardi,3431
1/1/2003,Herm??s,3416
1/1/2003,Amazon,3403
1/1/2003,Caterpillar,3363
1/1/2003,Reuters,3300
1/1/2003,Levi's,3298
1/1/2003,Hertz,3288
1/1/2003,Panasonic,3257
1/1/2003,Ericsson,3153
1/1/2003,Motorola,3103
1/1/2003,Hennessy,2996
1/1/2003,Shell,2983
1/1/2003,Boeing,2864
1/1/2003,Smirnoff,2806
1/1/2003,Johnson & Johnson,2706
1/1/2003,Prada,2535
1/1/2003,Mo?®t & Chandon,2524
1/1/2003,Nissan,2495
1/1/2003,Heineken,2431
1/1/2003,Mobil,2407
1/1/2003,Nivea,2221
1/1/2003,Starbucks,2136
1/1/2003,Burger King,2121
1/1/2003,Ralph Lauren,2048
1/1/2003,FedEx,2032
1/1/2003,Barbie,1873
1/1/2003,Wall Street Journal,1763
1/1/2003,Johnnie Walker,1724
1/1/2003,Jack Daniel's,1612
1/1/2004,Coca-Cola,67394
1/1/2004,Microsoft,61372
1/1/2004,IBM,53791
1/1/2004,GE,44111
1/1/2004,Intel,33499
1/1/2004,Disney,27113
1/1/2004,McDonald's,25001
1/1/2004,Nokia,24041
1/1/2004,Toyota,22673
1/1/2004,Marlboro,22128
1/1/2004,Mercedes-Benz,21331
1/1/2004,HP,20978
1/1/2004,Citi,19971
1/1/2004,American Express,17683
1/1/2004,Gillette,16723
1/1/2004,Cisco,15948
1/1/2004,BMW,15886
1/1/2004,Honda,14874
1/1/2004,Ford,14475
1/1/2004,Sony,12759
1/1/2004,Samsung,12553
1/1/2004,Pepsi,12066
1/1/2004,NESCAF??,11892
1/1/2004,Budweiser,11846
1/1/2004,Dell,11500
1/1/2004,Merrill Lynch,11499
1/1/2004,Morgan Stanley,11498
1/1/2004,Oracle,10935
1/1/2004,Pfizer,10635
1/1/2004,J.P. Morgan,9782
1/1/2004,Nike,9260
1/1/2004,"Merck & Co., Inc.",8811
1/1/2004,HSBC,8671
1/1/2004,SAP,8323
1/1/2004,Canon,8055
1/1/2004,Kellogg's,8029
1/1/2004,Goldman Sachs,7954
1/1/2004,Gap,7873
1/1/2004,Siemens,7470
1/1/2004,IKEA,7182
1/1/2004,Harley-Davidson,7057
1/1/2004,Heinz,7026
1/1/2004,Apple,6871
1/1/2004,Louis Vuitton,6602
1/1/2004,UBS,6526
1/1/2004,Nintendo,6479
1/1/2004,MTV,6456
1/1/2004,Volkswagen,6410
1/1/2004,L'Or??al,5902
1/1/2004,Accenture,5772
1/1/2004,Xerox,5696
1/1/2004,Wrigley,5424
1/1/2004,Kodak,5231
1/1/2004,KFC,5118
1/1/2004,Pizza Hut,5050
1/1/2004,Colgate,4929
1/1/2004,Kleenex,4881
1/1/2004,Avon,4849
1/1/2004,Gucci,4715
1/1/2004,eBay,4700
1/1/2004,Yahoo!,4545
1/1/2004,Nestl??,4529
1/1/2004,Danone,4488
1/1/2004,Chanel,4416
1/1/2004,Philips,4378
1/1/2004,Amazon,4156
1/1/2004,Kraft,4112
1/1/2004,Caterpillar,3801
1/1/2004,adidas,3740
1/1/2004,Rolex,3720
1/1/2004,Reuters,3691
1/1/2004,BP,3662
1/1/2004,Time,3651
1/1/2004,Porsche,3646
1/1/2004,Tiffany & Co.,3638
1/1/2004,Motorola,3483
1/1/2004,Panasonic,3480
1/1/2004,Hertz,3411
1/1/2004,Herm??s,3376
1/1/2004,Duracell,3362
1/1/2004,Audi,3288
1/1/2004,AOL,3248
1/1/2004,Hennessy,3084
1/1/2004,Shell,2985
1/1/2004,Levi's,2979
1/1/2004,Smirnoff,2975
1/1/2004,Johnson & Johnson,2952
1/1/2004,ING,2864
1/1/2004,Mo?®t & Chandon,2861
1/1/2004,Nissan,2833
1/1/2004,Cartier,2749
1/1/2004,Estee Lauder,2634
1/1/2004,Armani,2613
1/1/2004,Boeing,2576
1/1/2004,Prada,2568
1/1/2004,Mobil,2492
1/1/2004,Nivea,2409
1/1/2004,Starbucks,2400
1/1/2004,Heineken,2380
1/1/2004,Ralph Lauren,2147
1/1/2005,Coca-Cola,67525
1/1/2005,Microsoft,59941
1/1/2005,IBM,53376
1/1/2005,GE,46996
1/1/2005,Intel,35588
1/1/2005,Nokia,26452
1/1/2005,Disney,26441
1/1/2005,McDonald's,26014
1/1/2005,Toyota,24837
1/1/2005,Marlboro,21189
1/1/2005,Mercedes-Benz,20006
1/1/2005,Citi,19967
1/1/2005,HP,18866
1/1/2005,American Express,18559
1/1/2005,Gillette,17534
1/1/2005,BMW,17126
1/1/2005,Cisco,16592
1/1/2005,Louis Vuitton,16077
1/1/2005,Honda,15788
1/1/2005,Samsung,14956
1/1/2005,Dell,13231
1/1/2005,Ford,13159
1/1/2005,Pepsi,12399
1/1/2005,NESCAF??,12241
1/1/2005,Merrill Lynch,12018
1/1/2005,Budweiser,11878
1/1/2005,Oracle,10887
1/1/2005,Sony,10754
1/1/2005,HSBC,10429
1/1/2005,Nike,10114
1/1/2005,Pfizer,9981
1/1/2005,UPS,9923
1/1/2005,Morgan Stanley,9777
1/1/2005,J.P. Morgan,9455
1/1/2005,Canon,9044
1/1/2005,SAP,9006
1/1/2005,Goldman Sachs,8495
1/1/2005,Google,8461
1/1/2005,Kellogg's,8306
1/1/2005,Gap,8195
1/1/2005,Apple,7985
1/1/2005,IKEA,7817
1/1/2005,Novartis,7746
1/1/2005,UBS,7565
1/1/2005,Siemens,7507
1/1/2005,Harley-Davidson,7346
1/1/2005,Heinz,6932
1/1/2005,MTV,6647
1/1/2005,Gucci,6619
1/1/2005,Nintendo,6470
1/1/2005,Accenture,6142
1/1/2005,L'Or??al,6005
1/1/2005,Philips,5901
1/1/2005,Xerox,5705
1/1/2005,eBay,5701
1/1/2005,Volkswagen,5617
1/1/2005,Wrigley,5543
1/1/2005,Yahoo!,5256
1/1/2005,Avon,5213
1/1/2005,Colgate,5186
1/1/2005,KFC,5112
1/1/2005,Kodak,4979
1/1/2005,Pizza Hut,4963
1/1/2005,Kleenex,4922
1/1/2005,Chanel,4778
1/1/2005,Nestl??,4744
1/1/2005,Danone,4513
1/1/2005,Amazon,4248
1/1/2005,Kraft,4238
1/1/2005,Caterpillar,4085
1/1/2005,adidas,4033
1/1/2005,Rolex,3906
1/1/2005,Motorola,3877
1/1/2005,Reuters,3866
1/1/2005,BP,3802
1/1/2005,Porsche,3777
1/1/2005,Zara,3730
1/1/2005,Panasonic,3714
1/1/2005,Audi,3686
1/1/2005,Duracell,3679
1/1/2005,Tiffany & Co.,3618
1/1/2005,Herm??s,3540
1/1/2005,Hertz,3521
1/1/2005,Hyundai,3480
1/1/2005,Nissan,3203
1/1/2005,Hennessy,3201
1/1/2005,ING,3177
1/1/2005,Smirnoff,3097
1/1/2005,Cartier,3050
1/1/2005,Shell,3048
1/1/2005,Johnson & Johnson,3040
1/1/2005,Mo?®t & Chandon,2991
1/1/2005,Prada,2760
1/1/2005,Bulgari,2715
1/1/2005,Armani,2677
1/1/2005,Levi's,2655
1/1/2005,LG,2645
1/1/2005,Nivea,2576
1/1/2005,Starbucks,2576
1/1/2005,Heineken,2357
1/1/2006,Coca-Cola,67000
1/1/2006,Microsoft,56926
1/1/2006,IBM,56201
1/1/2006,GE,48907
1/1/2006,Intel,32319
1/1/2006,Nokia,30131
1/1/2006,Toyota,27941
1/1/2006,Disney,27848
1/1/2006,McDonald's,27501
1/1/2006,Mercedes-Benz,21795
1/1/2006,Citi,21458
1/1/2006,Marlboro,21350
1/1/2006,HP,20458
1/1/2006,American Express,19641
1/1/2006,BMW,19617
1/1/2006,Gillette,19579
1/1/2006,Louis Vuitton,17606
1/1/2006,Cisco,17532
1/1/2006,Honda,17049
1/1/2006,Samsung,16169
1/1/2006,Merrill Lynch,13001
1/1/2006,Pepsi,12690
1/1/2006,NESCAF??,12507
1/1/2006,Google,12376
1/1/2006,Dell,12256
1/1/2006,Sony,11695
1/1/2006,Budweiser,11662
1/1/2006,HSBC,11622
1/1/2006,Oracle,11459
1/1/2006,Ford,11056
1/1/2006,Nike,10897
1/1/2006,UPS,10712
1/1/2006,J.P. Morgan,10205
1/1/2006,SAP,10007
1/1/2006,Canon,9968
1/1/2006,Morgan Stanley,9762
1/1/2006,Goldman Sachs,9640
1/1/2006,Pfizer,9591
1/1/2006,Apple,9130
1/1/2006,Kellogg's,8776
1/1/2006,IKEA,8763
1/1/2006,UBS,8734
1/1/2006,Novartis,7880
1/1/2006,Siemens,7828
1/1/2006,Harley-Davidson,7739
1/1/2006,Gucci,7158
1/1/2006,eBay,6755
1/1/2006,Philips,6730
1/1/2006,Accenture,6728
1/1/2006,MTV,6627
1/1/2006,Nintendo,6559
1/1/2006,Gap,6416
1/1/2006,L'Or??al,6392
1/1/2006,Heinz,6223
1/1/2006,Yahoo!,6056
1/1/2006,Volkswagen,6032
1/1/2006,Xerox,5918
1/1/2006,Colgate,5633
1/1/2006,Wrigley,5449
1/1/2006,KFC,5350
1/1/2006,Chanel,5156
1/1/2006,Avon,5040
1/1/2006,Nestl??,4932
1/1/2006,Kleenex,4842
1/1/2006,Amazon,4707
1/1/2006,Pizza Hut,4694
1/1/2006,Danone,4638
1/1/2006,Caterpillar,4580
1/1/2006,Motorola,4569
1/1/2006,Kodak,4406
1/1/2006,adidas,4290
1/1/2006,Rolex,4237
1/1/2006,Zara,4235
1/1/2006,Audi,4165
1/1/2006,Hyundai,4078
1/1/2006,BP,4010
1/1/2006,Panasonic,3977
1/1/2006,Reuters,3961
1/1/2006,Kraft,3943
1/1/2006,Porsche,3927
1/1/2006,Herm??s,3854
1/1/2006,Tiffany & Co.,3819
1/1/2006,Hennessy,3576
1/1/2006,Duracell,3576
1/1/2006,ING,3474
1/1/2006,Cartier,3360
1/1/2006,Mo?®t & Chandon,3257
1/1/2006,Johnson & Johnson,3193
1/1/2006,Shell,3173
1/1/2006,Nissan,3108
1/1/2006,Starbucks,3099
1/1/2006,Lexus,3070
1/1/2006,Smirnoff,3032
1/1/2006,LG,3010
1/1/2006,Bulgari,2875
1/1/2006,Prada,2874
1/1/2006,Armani,2783
1/1/2006,Burberry,2783
1/1/2006,Nivea,2692
1/1/2006,Levi's,2689
1/1/2007,Coca-Cola,65324
1/1/2007,Microsoft,58709
1/1/2007,IBM,57090
1/1/2007,GE,51569
1/1/2007,Nokia,33696
1/1/2007,Toyota,32070
1/1/2007,Intel,30954
1/1/2007,McDonald's,29398
1/1/2007,Disney,29210
1/1/2007,Mercedes-Benz,23568
1/1/2007,Citi,23442
1/1/2007,HP,22197
1/1/2007,BMW,21612
1/1/2007,Marlboro,21282
1/1/2007,American Express,20827
1/1/2007,Gillette,20415
1/1/2007,Louis Vuitton,20321
1/1/2007,Cisco,19099
1/1/2007,Honda,17998
1/1/2007,Google,17837
1/1/2007,Samsung,16853
1/1/2007,Merrill Lynch,14343
1/1/2007,HSBC,13563
1/1/2007,NESCAF??,12950
1/1/2007,Sony,12907
1/1/2007,Pepsi,12888
1/1/2007,Oracle,12448
1/1/2007,UPS,12013
1/1/2007,Nike,12003
1/1/2007,Budweiser,11652
1/1/2007,Dell,11554
1/1/2007,J.P. Morgan,11433
1/1/2007,Apple,11037
1/1/2007,SAP,10850
1/1/2007,Goldman Sachs,10663
1/1/2007,Canon,10581
1/1/2007,Morgan Stanley,10340
1/1/2007,IKEA,10087
1/1/2007,UBS,9838
1/1/2007,Kellogg's,9341
1/1/2007,Ford,8982
1/1/2007,Philips,7741
1/1/2007,Siemens,7737
1/1/2007,Nintendo,7730
1/1/2007,Harley-Davidson,7718
1/1/2007,Gucci,7697
1/1/2007,AIG,7490
1/1/2007,eBay,7456
1/1/2007,AXA,7327
1/1/2007,Accenture,7296
1/1/2007,L'Or??al,7045
1/1/2007,MTV,6907
1/1/2007,Heinz,6544
1/1/2007,Volkswagen,6511
1/1/2007,Yahoo!,6067
1/1/2007,Xerox,6050
1/1/2007,Colgate,6025
1/1/2007,Chanel,5830
1/1/2007,Wrigley,5777
1/1/2007,KFC,5682
1/1/2007,Gap,5481
1/1/2007,Amazon,5411
1/1/2007,Nestl??,5314
1/1/2007,Zara,5165
1/1/2007,Avon,5103
1/1/2007,Caterpillar,5059
1/1/2007,Danone,5019
1/1/2007,Audi,4866
1/1/2007,adidas,4767
1/1/2007,Kleenex,4600
1/1/2007,Rolex,4589
1/1/2007,Hyundai,4453
1/1/2007,Herm??s,4255
1/1/2007,Pizza Hut,4254
1/1/2007,Porsche,4235
1/1/2007,Reuters,4197
1/1/2007,Motorola,4149
1/1/2007,Panasonic,4135
1/1/2007,Tiffany & Co.,4003
1/1/2007,Allianz,3957
1/1/2007,ING,3880
1/1/2007,Kodak,3874
1/1/2007,Cartier,3852
1/1/2007,BP,3794
1/1/2007,Mo?®t & Chandon,3739
1/1/2007,Kraft,3732
1/1/2007,Hennessy,3638
1/1/2007,Starbucks,3631
1/1/2007,Duracell,3605
1/1/2007,Johnson & Johnson,3445
1/1/2007,Smirnoff,3379
1/1/2007,Lexus,3354
1/1/2007,Shell,3331
1/1/2007,Prada,3286
1/1/2007,Burberry,3221
1/1/2007,Nivea,3116
1/1/2007,LG,3100
1/1/2007,Nissan,3072
1/1/2007,Ralph Lauren,3046
1/1/2007,Hertz,3026
1/1/2008,Coca-Cola,66667
1/1/2008,IBM,59031
1/1/2008,Microsoft,59007
1/1/2008,GE,53086
1/1/2008,Nokia,35942
1/1/2008,Toyota,34050
1/1/2008,Intel,31261
1/1/2008,McDonald's,31049
1/1/2008,Disney,29251
1/1/2008,Google,25590
1/1/2008,Mercedes-Benz,25577
1/1/2008,HP,23509
1/1/2008,BMW,23298
1/1/2008,Gillette,22689
1/1/2008,American Express,21940
1/1/2008,Louis Vuitton,21602
1/1/2008,Cisco,21306
1/1/2008,Marlboro,21300
1/1/2008,Citi,20174
1/1/2008,Honda,19079
1/1/2008,Samsung,17689
1/1/2008,H&M,13840
1/1/2008,Oracle,13831
1/1/2008,Apple,13724
1/1/2008,Sony,13583
1/1/2008,Pepsi,13249
1/1/2008,HSBC,13143
1/1/2008,NESCAF??,13056
1/1/2008,Nike,12672
1/1/2008,UPS,12621
1/1/2008,SAP,12228
1/1/2008,Dell,11695
1/1/2008,Budweiser,11438
1/1/2008,Merrill Lynch,11399
1/1/2008,IKEA,10913
1/1/2008,Canon,10876
1/1/2008,J.P. Morgan,10773
1/1/2008,Goldman Sachs,10331
1/1/2008,Kellogg's,9710
1/1/2008,Nintendo,8772
1/1/2008,UBS,8740
1/1/2008,Morgan Stanley,8696
1/1/2008,Philips,8325
1/1/2008,Thomson Reuters,8313
1/1/2008,Gucci,8254
1/1/2008,eBay,7991
1/1/2008,Accenture,7948
1/1/2008,Siemens,7943
1/1/2008,Ford,7896
1/1/2008,Harley-Davidson,7609
1/1/2008,L'Or??al,7508
1/1/2008,MTV,7193
1/1/2008,Volkswagen,7047
1/1/2008,AIG,7022
1/1/2008,AXA,7001
1/1/2008,Heinz,6646
1/1/2008,Colgate,6437
1/1/2008,Amazon,6434
1/1/2008,Xerox,6393
1/1/2008,Chanel,6355
1/1/2008,Wrigley,6105
1/1/2008,Zara,5955
1/1/2008,Nestl??,5592
1/1/2008,KFC,5582
1/1/2008,Yahoo!,5496
1/1/2008,Danone,5408
1/1/2008,Audi,5407
1/1/2008,Caterpillar,5288
1/1/2008,Avon,5264
1/1/2008,adidas,5072
1/1/2008,Rolex,4956
1/1/2008,Hyundai,4846
1/1/2008,BlackBerry,4802
1/1/2008,Kleenex,4636
1/1/2008,Porsche,4603
1/1/2008,Herm??s,4575
1/1/2008,Gap,4357
1/1/2008,Panasonic,4281
1/1/2008,Cartier,4236
1/1/2008,Tiffany & Co.,4208
1/1/2008,Pizza Hut,4097
1/1/2008,Allianz,4033
1/1/2008,Mo?®t & Chandon,3951
1/1/2008,BP,3911
1/1/2008,Starbucks,3879
1/1/2008,ING,3768
1/1/2008,Motorola,3721
1/1/2008,Duracell,3682
1/1/2008,Smirnoff,3590
1/1/2008,Lexus,3588
1/1/2008,Prada,3585
1/1/2008,Johnson & Johnson,3582
1/1/2008,Ferrari,3527
1/1/2008,Armani,3526
1/1/2008,Hennessy,3513
1/1/2008,Marriott,3502
1/1/2008,Shell,3471
1/1/2008,Nivea,3401
1/1/2008,FedEx,3359
1/1/2008,Visa,3338
1/1/2009,Coca-Cola,68734
1/1/2009,IBM,60211
1/1/2009,Microsoft,56647
1/1/2009,GE,47777
1/1/2009,Nokia,34864
1/1/2009,McDonald's,32275
1/1/2009,Google,31980
1/1/2009,Toyota,31330
1/1/2009,Intel,30636
1/1/2009,Disney,28447
1/1/2009,HP,24096
1/1/2009,Mercedes-Benz,23867
1/1/2009,Gillette,22841
1/1/2009,Cisco,22030
1/1/2009,BMW,21671
1/1/2009,Louis Vuitton,21120
1/1/2009,Marlboro,19010
1/1/2009,Honda,17803
1/1/2009,Samsung,17518
1/1/2009,Apple,15433
1/1/2009,H&M,15375
1/1/2009,American Express,14971
1/1/2009,Pepsi,13706
1/1/2009,Oracle,13699
1/1/2009,NESCAF??,13317
1/1/2009,Nike,13179
1/1/2009,SAP,12106
1/1/2009,IKEA,12004
1/1/2009,Sony,11953
1/1/2009,Budweiser,11833
1/1/2009,UPS,11594
1/1/2009,HSBC,10510
1/1/2009,Canon,10441
1/1/2009,Kellogg's,10428
1/1/2009,Dell,10291
1/1/2009,Citi,10254
1/1/2009,J.P. Morgan,9550
1/1/2009,Goldman Sachs,9248
1/1/2009,Nintendo,9210
1/1/2009,Thomson Reuters,8434
1/1/2009,Gucci,8182
1/1/2009,Philips,8121
1/1/2009,Amazon,7858
1/1/2009,L'Or??al,7748
1/1/2009,Accenture,7710
1/1/2009,eBay,7350
1/1/2009,Siemens,7308
1/1/2009,Heinz,7244
1/1/2009,Ford,7005
1/1/2009,Zara,6789
1/1/2009,Wrigley,6731
1/1/2009,Colgate,6550
1/1/2009,AXA,6525
1/1/2009,MTV,6523
1/1/2009,Volkswagen,6484
1/1/2009,Xerox,6431
1/1/2009,Morgan Stanley,6399
1/1/2009,Nestl??,6319
1/1/2009,Chanel,6040
1/1/2009,Danone,5960
1/1/2009,KFC,5722
1/1/2009,adidas,5397
1/1/2009,BlackBerry,5138
1/1/2009,Yahoo!,5111
1/1/2009,Audi,5010
1/1/2009,Caterpillar,5004
1/1/2009,Avon,4917
1/1/2009,Rolex,4609
1/1/2009,Hyundai,4604
1/1/2009,Herm??s,4598
1/1/2009,Kleenex,4404
1/1/2009,UBS,4370
1/1/2009,Harley-Davidson,4337
1/1/2009,Porsche,4234
1/1/2009,Panasonic,4225
1/1/2009,Tiffany & Co.,4000
1/1/2009,Cartier,3968
1/1/2009,Gap,3922
1/1/2009,Pizza Hut,3876
1/1/2009,Johnson & Johnson,3847
1/1/2009,Allianz,3831
1/1/2009,Mo?®t & Chandon,3754
1/1/2009,BP,3716
1/1/2009,Smirnoff,3698
1/1/2009,Duracell,3563
1/1/2009,Nivea,3557
1/1/2009,Prada,3530
1/1/2009,Ferrari,3527
1/1/2009,Armani,3303
1/1/2009,Starbucks,3263
1/1/2009,Lanc??me,3235
1/1/2009,Shell,3228
1/1/2009,Burger King,3223
1/1/2009,Visa,3170
1/1/2009,Adobe,3161
1/1/2009,Lexus,3158
1/1/2009,Puma,3154
1/1/2009,Burberry,3095
1/1/2009,Ralph Lauren,3094
1/1/2009,Campbell's,3081
1/1/2010,Coca-Cola,70452
1/1/2010,IBM,64727
1/1/2010,Microsoft,60895
1/1/2010,Google,43557
1/1/2010,GE,42808
1/1/2010,McDonald's,33578
1/1/2010,Intel,32015
1/1/2010,Nokia,29495
1/1/2010,Disney,28731
1/1/2010,HP,26867
1/1/2010,Toyota,26192
1/1/2010,Mercedes-Benz,25179
1/1/2010,Gillette,23298
1/1/2010,Cisco,23219
1/1/2010,BMW,22322
1/1/2010,Louis Vuitton,21860
1/1/2010,Apple,21143
1/1/2010,Marlboro,19961
1/1/2010,Samsung,19491
1/1/2010,Honda,18506
1/1/2010,H&M,16136
1/1/2010,Oracle,14881
1/1/2010,Pepsi,14061
1/1/2010,American Express,13944
1/1/2010,Nike,13706
1/1/2010,SAP,12756
1/1/2010,NESCAF??,12753
1/1/2010,IKEA,12487
1/1/2010,J.P. Morgan,12314
1/1/2010,Budweiser,12252
1/1/2010,UPS,11826
1/1/2010,HSBC,11561
1/1/2010,Canon,11485
1/1/2010,Sony,11356
1/1/2010,Kellogg's,11041
1/1/2010,Amazon,9665
1/1/2010,Goldman Sachs,9372
1/1/2010,Nintendo,8990
1/1/2010,Thomson Reuters,8976
1/1/2010,Citi,8887
1/1/2010,Dell,8880
1/1/2010,Philips,8696
1/1/2010,eBay,8453
1/1/2010,Gucci,8346
1/1/2010,L'Or??al,7981
1/1/2010,Heinz,7534
1/1/2010,Accenture,7481
1/1/2010,Zara,7468
1/1/2010,Siemens,7315
1/1/2010,Ford,7195
1/1/2010,Colgate,6919
1/1/2010,Morgan Stanley,6911
1/1/2010,Volkswagen,6892
1/1/2010,BlackBerry,6762
1/1/2010,MTV,6719
1/1/2010,AXA,6694
1/1/2010,Nestl??,6548
1/1/2010,Danone,6363
1/1/2010,Xerox,6109
1/1/2010,KFC,5844
1/1/2010,Sprite,5777
1/1/2010,adidas,5495
1/1/2010,Audi,5461
1/1/2010,Avon,5072
1/1/2010,Hyundai,5033
1/1/2010,Yahoo!,4958
1/1/2010,Allianz,4904
1/1/2010,Banco Santander,4846
1/1/2010,Herm??s,4782
1/1/2010,Caterpillar,4704
1/1/2010,Kleenex,4536
1/1/2010,Porsche,4404
1/1/2010,Panasonic,4351
1/1/2010,BARCLAYS,4218
1/1/2010,Johnson & Johnson,4155
1/1/2010,Tiffany & Co.,4127
1/1/2010,Cartier,4052
1/1/2010,Jack Daniel's,4036
1/1/2010,Mo?®t & Chandon,4021
1/1/2010,Credit Suisse,4010
1/1/2010,Shell,4003
1/1/2010,Visa,3998
1/1/2010,Pizza Hut,3973
1/1/2010,Gap,3961
1/1/2010,Corona,3847
1/1/2010,UBS,3812
1/1/2010,Nivea,3734
1/1/2010,Adobe,3626
1/1/2010,Smirnoff,3624
1/1/2010,3M,3586
1/1/2010,Ferrari,3562
1/1/2010,Johnnie Walker,3557
1/1/2010,Heineken,3516
1/1/2010,ZURICH,3496
1/1/2010,Armani,3443
1/1/2010,Lanc??me,3403
1/1/2010,Starbucks,3339
1/1/2010,Harley-Davidson,3281
1/1/2010,Campbell's,3241
1/1/2010,Burberry,3110
1/1/2011,Coca-Cola,71861
1/1/2011,IBM,69905
1/1/2011,Microsoft,59087
1/1/2011,Google,55317
1/1/2011,GE,42808
1/1/2011,McDonald's,35593
1/1/2011,Intel,35217
1/1/2011,Apple,33492
1/1/2011,Disney,29018
1/1/2011,HP,28479
1/1/2011,Toyota,27764
1/1/2011,Mercedes-Benz,27445
1/1/2011,Cisco,25309
1/1/2011,Nokia,25071
1/1/2011,BMW,24554
1/1/2011,Gillette,23997
1/1/2011,Samsung,23430
1/1/2011,Louis Vuitton,23172
1/1/2011,Honda,19431
1/1/2011,Oracle,17262
1/1/2011,H&M,16459
1/1/2011,Pepsi,14590
1/1/2011,American Express,14572
1/1/2011,SAP,14542
1/1/2011,Nike,14528
1/1/2011,Amazon,12758
1/1/2011,UPS,12536
1/1/2011,J.P. Morgan,12437
1/1/2011,Budweiser,12252
1/1/2011,NESCAF??,12115
1/1/2011,IKEA,11863
1/1/2011,HSBC,11792
1/1/2011,Canon,11715
1/1/2011,Kellogg's,11372
1/1/2011,Sony,9880
1/1/2011,eBay,9805
1/1/2011,Thomson Reuters,9515
1/1/2011,Goldman Sachs,9091
1/1/2011,Gucci,8763
1/1/2011,L'Or??al,8699
1/1/2011,Philips,8658
1/1/2011,Citi,8620
1/1/2011,Dell,8347
1/1/2011,Zara,8065
1/1/2011,Accenture,8005
1/1/2011,Siemens,7900
1/1/2011,Volkswagen,7857
1/1/2011,Nintendo,7731
1/1/2011,Heinz,7609
1/1/2011,Ford,7483
1/1/2011,Colgate,7127
1/1/2011,Danone,6936
1/1/2011,AXA,6694
1/1/2011,Morgan Stanley,6634
1/1/2011,Nestl??,6613
1/1/2011,BlackBerry,6424
1/1/2011,Xerox,6414
1/1/2011,MTV,6383
1/1/2011,Audi,6171
1/1/2011,adidas,6154
1/1/2011,Hyundai,6005
1/1/2011,KFC,5902
1/1/2011,Sprite,5604
1/1/2011,Caterpillar,5598
1/1/2011,Avon,5376
1/1/2011,Herm??s,5356
1/1/2011,Allianz,5345
1/1/2011,Banco Santander,5088
1/1/2011,Panasonic,5047
1/1/2011,Cartier,4781
1/1/2011,Kleenex,4672
1/1/2011,Porsche,4580
1/1/2011,Tiffany & Co.,4498
1/1/2011,Shell,4483
1/1/2011,Visa,4478
1/1/2011,Yahoo!,4413
1/1/2011,Mo?®t & Chandon,4383
1/1/2011,Jack Daniel's,4319
1/1/2011,BARCLAYS,4259
1/1/2011,Adobe,4170
1/1/2011,Pizza Hut,4092
1/1/2011,Credit Suisse,4090
1/1/2011,Johnson & Johnson,4072
1/1/2011,Gap,4040
1/1/2011,3M,3945
1/1/2011,Corona,3924
1/1/2011,Nivea,3883
1/1/2011,Johnnie Walker,3842
1/1/2011,Smirnoff,3841
1/1/2011,Nissan,3819
1/1/2011,Heineken,3809
1/1/2011,UBS,3799
1/1/2011,Armani,3794
1/1/2011,ZURICH,3769
1/1/2011,Burberry,3732
1/1/2011,Starbucks,3663
1/1/2011,John Deere,3651
1/1/2011,HTC,3605
1/1/2011,Ferrari,3591
1/1/2011,Harley-Davidson,3512
1/1/2012,Coca-Cola,77839
1/1/2012,Apple,76568
1/1/2012,IBM,75532
1/1/2012,Google,69726
1/1/2012,Microsoft,57853
1/1/2012,GE,43682
1/1/2012,McDonald's,40062
1/1/2012,Intel,39385
1/1/2012,Samsung,32893
1/1/2012,Toyota,30280
1/1/2012,Mercedes-Benz,30097
1/1/2012,BMW,29052
1/1/2012,Disney,27438
1/1/2012,Cisco,27197
1/1/2012,HP,26087
1/1/2012,Gillette,24898
1/1/2012,Louis Vuitton,23577
1/1/2012,Oracle,22126
1/1/2012,Nokia,21009
1/1/2012,Amazon,18625
1/1/2012,Honda,17280
1/1/2012,Pepsi,16594
1/1/2012,H&M,16571
1/1/2012,American Express,15702
1/1/2012,SAP,15641
1/1/2012,Nike,15126
1/1/2012,UPS,13088
1/1/2012,IKEA,12808
1/1/2012,Kellogg's,12068
1/1/2012,Canon,12029
1/1/2012,Budweiser,11872
1/1/2012,J.P. Morgan,11471
1/1/2012,HSBC,11378
1/1/2012,Pampers,11296
1/1/2012,NESCAF??,11089
1/1/2012,eBay,10947
1/1/2012,Zara,9488
1/1/2012,Gucci,9446
1/1/2012,Volkswagen,9252
1/1/2012,Sony,9111
1/1/2012,Philips,9066
1/1/2012,L'Or??al,8821
1/1/2012,Accenture,8745
1/1/2012,Thomson Reuters,8444
1/1/2012,Ford,7958
1/1/2012,Heinz,7722
1/1/2012,Colgate,7643
1/1/2012,Goldman Sachs,7599
1/1/2012,Dell,7591
1/1/2012,Citi,7570
1/1/2012,Siemens,7534
1/1/2012,Danone,7498
1/1/2012,Hyundai,7473
1/1/2012,Morgan Stanley,7218
1/1/2012,Audi,7196
1/1/2012,Nintendo,7082
1/1/2012,Nestl??,6916
1/1/2012,AXA,6748
1/1/2012,Xerox,6714
1/1/2012,adidas,6699
1/1/2012,Caterpillar,6306
1/1/2012,Allianz,6184
1/1/2012,Herm??s,6182
1/1/2012,KFC,5994
1/1/2012,Panasonic,5765
1/1/2012,Sprite,5709
1/1/2012,MTV,5648
1/1/2012,Cartier,5495
1/1/2012,Facebook,5421
1/1/2012,Tiffany & Co.,5159
1/1/2012,Avon,5151
1/1/2012,Porsche,5149
1/1/2012,Nissan,4969
1/1/2012,Visa,4944
1/1/2012,Shell,4788
1/1/2012,Banco Santander,4771
1/1/2012,3M,4656
1/1/2012,Adobe,4557
1/1/2012,Johnson & Johnson,4378
1/1/2012,Kleenex,4360
1/1/2012,Jack Daniel's,4352
1/1/2012,Burberry,4342
1/1/2012,Johnnie Walker,4301
1/1/2012,Prada,4271
1/1/2012,John Deere,4221
1/1/2012,Pizza Hut,4193
1/1/2012,Kia,4089
1/1/2012,Starbucks,4062
1/1/2012,Corona,4061
1/1/2012,Smirnoff,4050
1/1/2012,Ralph Lauren,4038
1/1/2012,Heineken,3939
1/1/2012,BlackBerry,3922
1/1/2012,Mastercard,3896
1/1/2012,Credit Suisse,3866
1/1/2012,Harley-Davidson,3857
1/1/2012,Yahoo!,3851
1/1/2012,Mo?®t & Chandon,3824
1/1/2012,Ferrari,3770
1/1/2012,Gap,3731
1/1/2013,Apple,98316
1/1/2013,Google,93291
1/1/2013,Coca-Cola,79213
1/1/2013,IBM,78808
1/1/2013,Microsoft,59546
1/1/2013,GE,46947
1/1/2013,McDonald's,41992
1/1/2013,Samsung,39610
1/1/2013,Intel,37257
1/1/2013,Toyota,35346
1/1/2013,Mercedes-Benz,31904
1/1/2013,BMW,31839
1/1/2013,Cisco,29053
1/1/2013,Disney,28147
1/1/2013,HP,25843
1/1/2013,Gillette,25105
1/1/2013,Louis Vuitton,24893
1/1/2013,Oracle,24088
1/1/2013,Amazon,23620
1/1/2013,Honda,18490
1/1/2013,H&M,18168
1/1/2013,Pepsi,17892
1/1/2013,American Express,17646
1/1/2013,Nike,17085
1/1/2013,SAP,16676
1/1/2013,IKEA,13818
1/1/2013,UPS,13763
1/1/2013,eBay,13162
1/1/2013,Pampers,13035
1/1/2013,Kellogg's,12987
1/1/2013,Budweiser,12614
1/1/2013,HSBC,12183
1/1/2013,J.P. Morgan,11456
1/1/2013,Volkswagen,11120
1/1/2013,Canon,10989
1/1/2013,Zara,10821
1/1/2013,NESCAF??,10651
1/1/2013,Gucci,10151
1/1/2013,L'Or??al,9874
1/1/2013,Philips,9813
1/1/2013,Accenture,9471
1/1/2013,Ford,9181
1/1/2013,Hyundai,9004
1/1/2013,Goldman Sachs,8536
1/1/2013,Siemens,8503
1/1/2013,Sony,8408
1/1/2013,Thomson Reuters,8103
1/1/2013,Citi,7973
1/1/2013,Danone,7968
1/1/2013,Colgate,7833
1/1/2013,Audi,7767
1/1/2013,Facebook,7732
1/1/2013,Heinz,7648
1/1/2013,Herm??s,7616
1/1/2013,adidas,7535
1/1/2013,Nestl??,7527
1/1/2013,Nokia,7444
1/1/2013,Caterpillar,7125
1/1/2013,AXA,7096
1/1/2013,Cartier,6897
1/1/2013,Dell,6845
1/1/2013,Xerox,6779
1/1/2013,Allianz,6710
1/1/2013,Porsche,6471
1/1/2013,Nissan,6203
1/1/2013,KFC,6192
1/1/2013,Nintendo,6086
1/1/2013,Panasonic,5821
1/1/2013,Sprite,5811
1/1/2013,Discovery,5756
1/1/2013,Morgan Stanley,5724
1/1/2013,Prada,5570
1/1/2013,Shell,5535
1/1/2013,Visa,5465
1/1/2013,Tiffany & Co.,5440
1/1/2013,3M,5413
1/1/2013,Burberry,5189
1/1/2013,MTV,4980
1/1/2013,Adobe,4899
1/1/2013,John Deere,4865
1/1/2013,Johnson & Johnson,4777
1/1/2013,Johnnie Walker,4745
1/1/2013,Kia,4708
1/1/2013,Banco Santander,4660
1/1/2013,Duracell,4645
1/1/2013,Jack Daniel's,4642
1/1/2013,Avon,4610
1/1/2013,Ralph Lauren,4584
1/1/2013,Chevrolet,4578
1/1/2013,Kleenex,4428
1/1/2013,Starbucks,4399
1/1/2013,Heineken,4331
1/1/2013,Corona,4276
1/1/2013,Pizza Hut,4269
1/1/2013,Smirnoff,4262
1/1/2013,Harley-Davidson,4230
1/1/2013,Mastercard,4206
1/1/2013,Ferrari,4013
1/1/2013,Mo?®t & Chandon,3943
1/1/2013,Gap,3920
1/1/2014,Apple,118863
1/1/2014,Google,107439
1/1/2014,Coca-Cola,81563
1/1/2014,IBM,72244
1/1/2014,Microsoft,61154
1/1/2014,GE,45480
1/1/2014,Samsung,45462
1/1/2014,Toyota,42392
1/1/2014,McDonald's,42254
1/1/2014,Mercedes-Benz,34338
1/1/2014,BMW,34214
1/1/2014,Intel,34153
1/1/2014,Disney,32223
1/1/2014,Cisco,30936
1/1/2014,Amazon,29478
1/1/2014,Oracle,25980
1/1/2014,HP,23758
1/1/2014,Gillette,22845
1/1/2014,Louis Vuitton,22552
1/1/2014,Honda,21673
1/1/2014,H&M,21083
1/1/2014,Nike,19875
1/1/2014,American Express,19510
1/1/2014,Pepsi,19119
1/1/2014,SAP,17340
1/1/2014,IKEA,15885
1/1/2014,UPS,14470
1/1/2014,eBay,14358
1/1/2014,Facebook,14349
1/1/2014,Pampers,14078
1/1/2014,Volkswagen,13716
1/1/2014,Kellogg's,13442
1/1/2014,HSBC,13142
1/1/2014,Budweiser,13024
1/1/2014,J.P. Morgan,12456
1/1/2014,Zara,12126
1/1/2014,Canon,11702
1/1/2014,NESCAF??,11406
1/1/2014,Ford,10876
1/1/2014,Hyundai,10409
1/1/2014,Gucci,10385
1/1/2014,Philips,10264
1/1/2014,L'Or??al,10162
1/1/2014,Accenture,9882
1/1/2014,Audi,9831
1/1/2014,Herm??s,8977
1/1/2014,Goldman Sachs,8758
1/1/2014,Citi,8737
1/1/2014,Siemens,8672
1/1/2014,Colgate,8215
1/1/2014,Danone,8205
1/1/2014,Sony,8133
1/1/2014,AXA,8120
1/1/2014,Nestl??,8000
1/1/2014,Allianz,7702
1/1/2014,Nissan,7623
1/1/2014,Thomson Reuters,7472
1/1/2014,Cartier,7449
1/1/2014,adidas,7378
1/1/2014,Porsche,7171
1/1/2014,Caterpillar,6812
1/1/2014,Xerox,6641
1/1/2014,Morgan Stanley,6334
1/1/2014,Panasonic,6303
1/1/2014,Shell,6288
1/1/2014,3M,6177
1/1/2014,Discovery,6143
1/1/2014,KFC,6059
1/1/2014,Visa,5998
1/1/2014,Prada,5977
1/1/2014,Tiffany & Co.,5936
1/1/2014,Sprite,5646
1/1/2014,Burberry,5594
1/1/2014,Kia,5396
1/1/2014,Banco Santander,5382
1/1/2014,Starbucks,5382
1/1/2014,Adobe,5333
1/1/2014,Johnson & Johnson,5194
1/1/2014,John Deere,5124
1/1/2014,MTV,5102
1/1/2014,DHL,5084
1/1/2014,Chevrolet,5036
1/1/2014,Ralph Lauren,4979
1/1/2014,Duracell,4935
1/1/2014,Jack Daniel's,4884
1/1/2014,Johnnie Walker,4842
1/1/2014,Harley-Davidson,4772
1/1/2014,Mastercard,4758
1/1/2014,Kleenex,4643
1/1/2014,Smirnoff,4609
1/1/2014,Land Rover,4473
1/1/2014,FedEx,4414
1/1/2014,Corona,4387
1/1/2014,Huawei,4313
1/1/2014,Heineken,4221
1/1/2014,Pizza Hut,4196
1/1/2014,Hugo Boss,4143
1/1/2014,Nokia,4138
1/1/2014,Gap,4122
1/1/2014,Nintendo,4103
1/1/2015,Apple,170276
1/1/2015,Google,120314
1/1/2015,Coca-Cola,78423
1/1/2015,Microsoft,67670
1/1/2015,IBM,65095
1/1/2015,Toyota,49048
1/1/2015,Samsung,45297
1/1/2015,GE,42267
1/1/2015,McDonald's,39809
1/1/2015,Amazon,37948
1/1/2015,BMW,37212
1/1/2015,Mercedes-Benz,36711
1/1/2015,Disney,36514
1/1/2015,Intel,35415
1/1/2015,Cisco,29854
1/1/2015,Oracle,27283
1/1/2015,Nike,23070
1/1/2015,HP,23056
1/1/2015,Honda,22975
1/1/2015,Louis Vuitton,22250
1/1/2015,H&M,22222
1/1/2015,Gillette,22218
1/1/2015,Facebook,22029
1/1/2015,Pepsi,19622
1/1/2015,American Express,18922
1/1/2015,SAP,18768
1/1/2015,IKEA,16541
1/1/2015,Pampers,15267
1/1/2015,UPS,14723
1/1/2015,Zara,14031
1/1/2015,Budweiser,13943
1/1/2015,eBay,13940
1/1/2015,J.P. Morgan,13749
1/1/2015,Kellogg's,12637
1/1/2015,Volkswagen,12545
1/1/2015,NESCAF??,12257
1/1/2015,HSBC,11656
1/1/2015,Ford,11578
1/1/2015,Hyundai,11293
1/1/2015,Canon,11278
1/1/2015,Herm??s,10944
1/1/2015,Accenture,10800
1/1/2015,L'Or??al,10798
1/1/2015,Audi,10328
1/1/2015,Citi,9784
1/1/2015,Goldman Sachs,9526
1/1/2015,Philips,9400
1/1/2015,AXA,9254
1/1/2015,Nissan,9082
1/1/2015,Gucci,8882
1/1/2015,Danone,8632
1/1/2015,Nestl??,8588
1/1/2015,Siemens,8553
1/1/2015,Allianz,8498
1/1/2015,Colgate,8464
1/1/2015,Porsche,8055
1/1/2015,Cartier,7924
1/1/2015,Sony,7702
1/1/2015,3M,7243
1/1/2015,Morgan Stanley,7083
1/1/2015,Visa,6870
1/1/2015,adidas,6811
1/1/2015,Thomson Reuters,6583
1/1/2015,Discovery,6509
1/1/2015,Panasonic,6436
1/1/2015,Tiffany & Co.,6306
1/1/2015,Starbucks,6266
1/1/2015,Adobe,6257
1/1/2015,Prada,6222
1/1/2015,Banco Santander,6097
1/1/2015,Xerox,6033
1/1/2015,Caterpillar,5976
1/1/2015,Burberry,5873
1/1/2015,Kia,5666
1/1/2015,KFC,5639
1/1/2015,Mastercard,5551
1/1/2015,Johnson & Johnson,5533
1/1/2015,Shell,5530
1/1/2015,Harley-Davidson,5460
1/1/2015,DHL,5391
1/1/2015,Sprite,5365
1/1/2015,LEGO,5362
1/1/2015,John Deere,5208
1/1/2015,Jack Daniel's,5161
1/1/2015,Chevrolet,5133
1/1/2015,FedEx,5130
1/1/2015,Land Rover,5109
1/1/2015,Huawei,4952
1/1/2015,Heineken,4822
1/1/2015,MTV,4763
1/1/2015,Ralph Lauren,4629
1/1/2015,Johnnie Walker,4540
1/1/2015,Corona,4456
1/1/2015,Smirnoff,4407
1/1/2015,Kleenex,4330
1/1/2015,Hugo Boss,4270
1/1/2015,PayPal,4251
1/1/2015,MINI,4243
1/1/2015,Mo?®t & Chandon,4131
1/1/2015,Lenovo,4114
1/1/2016,Apple,178119
1/1/2016,Google,133252
1/1/2016,Coca-Cola,73102
1/1/2016,Microsoft,72795
1/1/2016,Toyota,53580
1/1/2016,IBM,52500
1/1/2016,Samsung,51808
1/1/2016,Amazon,50338
1/1/2016,Mercedes-Benz,43490
1/1/2016,GE,43130
1/1/2016,BMW,41535
1/1/2016,McDonald's,39381
1/1/2016,Disney,38790
1/1/2016,Intel,36952
1/1/2016,Facebook,32593
1/1/2016,Cisco,30948
1/1/2016,Oracle,26552
1/1/2016,Nike,25034
1/1/2016,Louis Vuitton,23998
1/1/2016,H&M,22681
1/1/2016,Honda,22106
1/1/2016,SAP,21293
1/1/2016,Pepsi,20265
1/1/2016,Gillette,19950
1/1/2016,American Express,18358
1/1/2016,IKEA,17834
1/1/2016,Zara,16766
1/1/2016,Pampers,16134
1/1/2016,UPS,15333
1/1/2016,Budweiser,15099
1/1/2016,J.P. Morgan,14227
1/1/2016,eBay,13136
1/1/2016,Ford,12962
1/1/2016,Herm??s,12833
1/1/2016,Hyundai,12547
1/1/2016,NESCAF??,12517
1/1/2016,Accenture,12033
1/1/2016,Audi,11799
1/1/2016,Kellogg's,11711
1/1/2016,Volkswagen,11436
1/1/2016,Philips,11336
1/1/2016,Canon,11081
1/1/2016,Nissan,11066
1/1/2016,Hewlett Packard Enterprise,11027
1/1/2016,L'Or??al,10930
1/1/2016,AXA,10579
1/1/2016,HSBC,10458
1/1/2016,HP,10386
1/1/2016,Citi,10276
1/1/2016,Porsche,9537
1/1/2016,Allianz,9528
1/1/2016,Siemens,9415
1/1/2016,Gucci,9385
1/1/2016,Goldman Sachs,9378
1/1/2016,Danone,9197
1/1/2016,Nestl??,8708
1/1/2016,Colgate,8413
1/1/2016,Sony,8315
1/1/2016,3M,8199
1/1/2016,adidas,7885
1/1/2016,Visa,7747
1/1/2016,Cartier,7738
1/1/2016,Adobe,7586
1/1/2016,Starbucks,7490
1/1/2016,Morgan Stanley,7200
1/1/2016,Thomson Reuters,6830
1/1/2016,LEGO,6691
1/1/2016,Panasonic,6365
1/1/2016,Kia,6326
1/1/2016,Banco Santander,6223
1/1/2016,Discovery,5944
1/1/2016,Huawei,5835
1/1/2016,Johnson & Johnson,5790
1/1/2016,Tiffany & Co.,5761
1/1/2016,KFC,5742
1/1/2016,Mastercard,5736
1/1/2016,DHL,5708
1/1/2016,Land Rover,5696
1/1/2016,FedEx,5579
1/1/2016,Harley-Davidson,5527
1/1/2016,Prada,5504
1/1/2016,Caterpillar,5425
1/1/2016,Burberry,5362
1/1/2016,Xerox,5290
1/1/2016,Jack Daniel's,5193
1/1/2016,Sprite,5148
1/1/2016,Heineken,5123
1/1/2016,MINI,4986
1/1/2016,Dior,4909
1/1/2016,PayPal,4839
1/1/2016,John Deere,4815
1/1/2016,Shell,4599
1/1/2016,Corona,4509
1/1/2016,MTV,4320
1/1/2016,Johnnie Walker,4317
1/1/2016,Smirnoff,4252
1/1/2016,Mo?®t & Chandon,4118
1/1/2016,Ralph Lauren,4092
1/1/2016,Lenovo,4045
1/1/2016,Tesla,4011
1/1/2017,Apple,184154
1/1/2017,Google,141703
1/1/2017,Microsoft,79999
1/1/2017,Coca-Cola,69733
1/1/2017,Amazon,64796
1/1/2017,Samsung,56249
1/1/2017,Toyota,50291
1/1/2017,Facebook,48188
1/1/2017,Mercedes-Benz,47829
1/1/2017,IBM,46829
1/1/2017,GE,44208
1/1/2017,McDonald's,41533
1/1/2017,BMW,41521
1/1/2017,Disney,40772
1/1/2017,Intel,39459
1/1/2017,Cisco,31930
1/1/2017,Oracle,27466
1/1/2017,Nike,27021
1/1/2017,Louis Vuitton,22919
1/1/2017,Honda,22696
1/1/2017,SAP,22635
1/1/2017,Pepsi,20491
1/1/2017,H&M,20488
1/1/2017,Zara,18573
1/1/2017,IKEA,18472
1/1/2017,Gillette,18200
1/1/2017,American Express,17787
1/1/2017,Pampers,16416
1/1/2017,UPS,16387
1/1/2017,J.P. Morgan,15749
1/1/2017,Budweiser,15375
1/1/2017,Herm??s,14210
1/1/2017,Ford,13643
1/1/2017,eBay,13224
1/1/2017,Hyundai,13193
1/1/2017,NESCAF??,12661
1/1/2017,Accenture,12471
1/1/2017,Audi,12023
1/1/2017,Nissan,11534
1/1/2017,Volkswagen,11522
1/1/2017,Philips,11519
1/1/2017,AXA,11073
1/1/2017,Kellogg's,10972
1/1/2017,Goldman Sachs,10864
1/1/2017,L'Or??al,10674
1/1/2017,Citi,10599
1/1/2017,HSBC,10534
1/1/2017,Porsche,10129
1/1/2017,Allianz,10059
1/1/2017,Siemens,9982
1/1/2017,Gucci,9969
1/1/2017,Canon,9788
1/1/2017,HP,9541
1/1/2017,Danone,9322
1/1/2017,adidas,9216
1/1/2017,Adobe,9060
1/1/2017,Hewlett Packard Enterprise,8951
1/1/2017,3M,8947
1/1/2017,Nestl??,8728
1/1/2017,Starbucks,8704
1/1/2017,Sony,8474
1/1/2017,Colgate,8325
1/1/2017,Morgan Stanley,8205
1/1/2017,Visa,7815
1/1/2017,Cartier,7547
1/1/2017,Thomson Reuters,7100
1/1/2017,LEGO,7024
1/1/2017,Banco Santander,6702
1/1/2017,Kia,6683
1/1/2017,Huawei,6676
1/1/2017,Mastercard,6350
1/1/2017,FedEx,6255
1/1/2017,Land Rover,6095
1/1/2017,Johnson & Johnson,6041
1/1/2017,Panasonic,5983
1/1/2017,DHL,5715
1/1/2017,Harley-Davidson,5671
1/1/2017,Netflix,5592
1/1/2017,Discovery,5411
1/1/2017,PayPal,5408
1/1/2017,Tiffany & Co.,5394
1/1/2017,Jack Daniel's,5332
1/1/2017,KFC,5313
1/1/2017,Salesforce.com,5224
1/1/2017,Heineken,5181
1/1/2017,Burberry,5135
1/1/2017,MINI,5114
1/1/2017,Ferrari,4876
1/1/2017,Caterpillar,4868
1/1/2017,Sprite,4842
1/1/2017,Shell,4823
1/1/2017,John Deere,4783
1/1/2017,Corona,4776
1/1/2017,Prada,4716
1/1/2017,Dior,4587
1/1/2017,Johnnie Walker,4405
1/1/2017,Smirnoff,4288
1/1/2017,Tesla,4009
1/1/2017,Mo?®t & Chandon,4006
1/1/2017,Lenovo,4004
1/1/2018,Apple,214480
1/1/2018,Google,155506
1/1/2018,Amazon,100764
1/1/2018,Microsoft,92715
1/1/2018,Coca-Cola,66341
1/1/2018,Samsung,59890
1/1/2018,Toyota,53404
1/1/2018,Mercedes-Benz,48601
1/1/2018,Facebook,45168
1/1/2018,McDonald's,43417
1/1/2018,Intel,43293
1/1/2018,IBM,42972
1/1/2018,BMW,41006
1/1/2018,Disney,39874
1/1/2018,Cisco,34575
1/1/2018,GE,32757
1/1/2018,Nike,30120
1/1/2018,Louis Vuitton,28152
1/1/2018,Oracle,26133
1/1/2018,Honda,23682
1/1/2018,SAP,22885
1/1/2018,Pepsi,20798
1/1/2018,Chanel,20005
1/1/2018,American Express,19139
1/1/2018,Zara,17712
1/1/2018,J.P. Morgan,17567
1/1/2018,IKEA,17458
1/1/2018,Gillette,16864
1/1/2018,UPS,16849
1/1/2018,H&M,16826
1/1/2018,Pampers,16617
1/1/2018,Herm??s,16372
1/1/2018,Budweiser,15627
1/1/2018,Accenture,14214
1/1/2018,Ford,13995
1/1/2018,Hyundai,13535
1/1/2018,NESCAF??,13053
1/1/2018,eBay,13017
1/1/2018,Gucci,12942
1/1/2018,Nissan,12213
1/1/2018,Volkswagen,12201
1/1/2018,Audi,12187
1/1/2018,Philips,12104
1/1/2018,Goldman Sachs,11769
1/1/2018,Citi,11577
1/1/2018,HSBC,11208
1/1/2018,AXA,11118
1/1/2018,L'Or??al,11102
1/1/2018,Allianz,10821
1/1/2018,adidas,10772
1/1/2018,Adobe,10748
1/1/2018,Porsche,10707
1/1/2018,Kellogg's,10634
1/1/2018,HP,10433
1/1/2018,Canon,10380
1/1/2018,Siemens,10132
1/1/2018,Starbucks,9615
1/1/2018,Danone,9533
1/1/2018,Sony,9316
1/1/2018,3M,9104
1/1/2018,Visa,9021
1/1/2018,Nestl??,8938
1/1/2018,Morgan Stanley,8802
1/1/2018,Colgate,8659
1/1/2018,Hewlett Packard Enterprise,8157
1/1/2018,Netflix,8111
1/1/2018,Cartier,7646
1/1/2018,Huawei,7578
1/1/2018,Banco Santander,7547
1/1/2018,Mastercard,7545
1/1/2018,Kia,6925
1/1/2018,FedEx,6890
1/1/2018,PayPal,6621
1/1/2018,LEGO,6533
1/1/2018,Salesforce.com,6432
1/1/2018,Panasonic,6293
1/1/2018,Johnson & Johnson,6231
1/1/2018,Land Rover,6221
1/1/2018,DHL,5881
1/1/2018,Ferrari,5760
1/1/2018,Discovery,5755
1/1/2018,Caterpillar,5730
1/1/2018,Tiffany & Co.,5642
1/1/2018,Jack Daniel's,5641
1/1/2018,Corona,5517
1/1/2018,KFC,5481
1/1/2018,Heineken,5393
1/1/2018,John Deere,5375
1/1/2018,Shell,5276
1/1/2018,MINI,5254
1/1/2018,Dior,5223
1/1/2018,Spotify,5176
1/1/2018,Harley-Davidson,5161
1/1/2018,Burberry,4989
1/1/2018,Prada,4812
1/1/2018,Sprite,4733
1/1/2018,Johnnie Walker,4731
1/1/2018,Hennessy,4722
1/1/2018,Nintendo,4696
1/1/2018,Subaru,4214
1/1/2019,Apple,234241
1/1/2019,Google,167713
1/1/2019,Amazon,125263
1/1/2019,Microsoft,108847
1/1/2019,Coca-Cola,63365
1/1/2019,Samsung,61098
1/1/2019,Toyota,56246
1/1/2019,Mercedes-Benz,50832
1/1/2019,McDonald's,45362
1/1/2019,Disney,44352
1/1/2019,BMW,41440
1/1/2019,IBM,40381
1/1/2019,Intel,40197
1/1/2019,Facebook,39857
1/1/2019,Cisco,35559
1/1/2019,Nike,32376
1/1/2019,Louis Vuitton,32223
1/1/2019,Oracle,26288
1/1/2019,GE,25566
1/1/2019,SAP,25092
1/1/2019,Honda,24422
1/1/2019,Chanel,22134
1/1/2019,American Express,21629
1/1/2019,Pepsi,20488
1/1/2019,J.P. Morgan,19044
1/1/2019,IKEA,18407
1/1/2019,UPS,18072
1/1/2019,Herm??s,17920
1/1/2019,Zara,17175
1/1/2019,H&M,16345
1/1/2019,Accenture,16205
1/1/2019,Budweiser,16018
1/1/2019,Gucci,15949
1/1/2019,Pampers,15773
1/1/2019,Ford,14325
1/1/2019,Hyundai,14156
1/1/2019,Gillette,13753
1/1/2019,NESCAF??,13605
1/1/2019,Adobe,12937
1/1/2019,Volkswagen,12921
1/1/2019,Citi,12697
1/1/2019,Audi,12689
1/1/2019,Allianz,12078
1/1/2019,eBay,12010
1/1/2019,adidas,11992
1/1/2019,AXA,11830
1/1/2019,HSBC,11816
1/1/2019,Starbucks,11798
1/1/2019,Philips,11661
1/1/2019,Porsche,11652
1/1/2019,L'Or??al,11589
1/1/2019,Nissan,11502
1/1/2019,Goldman Sachs,11352
1/1/2019,HP,10891
1/1/2019,Visa,10756
1/1/2019,Sony,10514
1/1/2019,Kellogg's,10419
1/1/2019,Siemens,10259
1/1/2019,Danone,9915
1/1/2019,Nestl??,9534
1/1/2019,Canon,9482
1/1/2019,Mastercard,9430
1/1/2019,Dell,9086
1/1/2019,3M,9035
1/1/2019,Netflix,8963
1/1/2019,Colgate,8824
1/1/2019,Banco Santander,8521
1/1/2019,Cartier,8192
1/1/2019,Morgan Stanley,8185
1/1/2019,Salesforce.com,8004
1/1/2019,Hewlett Packard Enterprise,7909
1/1/2019,PayPal,7604
1/1/2019,FedEx,6998
1/1/2019,Huawei,6887
1/1/2019,LEGO,6884
1/1/2019,Caterpillar,6791
1/1/2019,Ferrari,6458
1/1/2019,Kia,6428
1/1/2019,Corona,6369
1/1/2019,Jack Daniel's,6347
1/1/2019,Panasonic,6189
1/1/2019,Dior,6045
1/1/2019,DHL,5987
1/1/2019,John Deere,5883
1/1/2019,Land Rover,5855
1/1/2019,Johnson & Johnson,5720
1/1/2019,Uber,5714
1/1/2019,Heineken,5626
1/1/2019,Nintendo,5550
1/1/2019,MINI,5532
1/1/2019,Discovery,5525
1/1/2019,Spotify,5516
1/1/2019,KFC,5509
1/1/2019,Tiffany & Co.,5335
1/1/2019,Hennessy,5297
1/1/2019,Burberry,5205
1/1/2019,Shell,5105
1/1/2019,LinkedIn,4836
1/1/2019,Harley-Davidson,4793
1/1/2019,Prada,4781
