name,value,year,lastValue,rank
Google,107439,2014,106024.2,2
Coca-Cola,77839,2012,77241.2,1
Microsoft,70196,2000,70196,2
Coca-Cola,67000,2006,67052.5,1
Microsoft,61372,2004,61752.2,2
Microsoft,58709,2007,58530.7,2
Toyota,53404,2018,53092.7,7
Amazon,50338,2016,49099,8
IBM,46829,2017,47396.1,10
McDonald's,43417,2018,43228.6,10
McDonald's,42254,2014,42227.8,9
McDonald's,39809,2015,40053.5,9
BMW,37212,2015,36912.2,11
Intel,34665,2001,35103.3,5
Samsung,32893,2012,31946.7,9
Cisco,31930,2017,31831.8,16
Intel,30861,2002,31241.4,5
Disney,29251,2008,29246.9,8
Disney,28036,2003,28158,6
Toyota,27941,2006,27630.6,6
McDonald's,27859,2000,27859,8
Disney,27848,2006,27707.3,7
Toyota,27764,2011,27606.8,11
McDonald's,27501,2006,27352.3,8
Oracle,27466,2017,27374.6,17
Mercedes-Benz,27445,2011,27218.4,12
Disney,27438,2012,27596,13
Oracle,27283,2015,27152.7,16
Cisco,27197,2012,27008.2,14
Disney,27113,2004,27205.3,6
Nike,27021,2017,26822.3,18
HP,26867,2010,26589.9,9
Oracle,26552,2016,26625.1,17
Disney,26441,2005,26508.2,6
McDonald's,26375,2002,26266.4,7
Toyota,26192,2010,26705.8,10
Oracle,26133,2018,26266.3,19
HP,26087,2012,26326.2,15
McDonald's,26014,2005,25912.7,7
Oracle,25980,2014,25790.8,16
HP,25843,2013,25867.4,15
Google,25590,2008,24814.7,9
Mercedes-Benz,25577,2008,25376.1,10
Cisco,25309,2011,25100,13
McDonald's,25289,2001,25546,8
Mercedes-Benz,25179,2010,25047.8,11
Gillette,25105,2013,25084.3,16
Nike,25034,2016,24837.6,18
McDonald's,25001,2004,24970.8,7
Gillette,24898,2012,24807.9,16
Louis Vuitton,24893,2013,24761.4,17
Toyota,24837,2005,24620.6,8
McDonald's,24699,2003,24866.6,7
BMW,24554,2011,24330.8,14
HP,24096,2009,24037.3,10
Oracle,24088,2013,23891.8,18
Louis Vuitton,23998,2016,23823.2,19
Gillette,23997,2011,23927.1,15
Mercedes-Benz,23867,2009,24038,11
HP,23758,2014,23966.5,17
Honda,23682,2018,23583.4,20
Amazon,23620,2013,23120.5,19
Louis Vuitton,23577,2012,23536.5,17
Mercedes-Benz,23568,2007,23390.7,9
HP,23509,2008,23377.8,11
Citi,23442,2007,23243.6,10
Samsung,23430,2011,23036.1,16
BMW,23298,2008,23129.4,12
Gillette,23298,2010,23252.3,12
Cisco,23219,2010,23100.1,13
Louis Vuitton,23172,2011,23040.8,17
Nike,23070,2015,22750.5,17
HP,23056,2015,23126.2,18
Honda,22975,2015,22844.8,19
Louis Vuitton,22919,2017,23026.9,19
SAP,22885,2018,22860,21
Gillette,22845,2014,23071,18
Gillette,22841,2009,22825.8,12
Honda,22696,2017,22637,20
Gillette,22689,2008,22461.6,13
H&M,22681,2016,22635.1,20
Toyota,22673,2004,22484.1,8
SAP,22635,2017,22500.8,21
Louis Vuitton,22552,2014,22786.1,19
BMW,22322,2010,22256.9,14
Louis Vuitton,22250,2015,22280.2,20
H&M,22222,2015,22108.1,21
Gillette,22218,2015,22280.7,22
HP,22197,2007,22023.1,11
Oracle,22126,2012,21639.6,18
Honda,22106,2016,22192.9,21
Cisco,22030,2009,21957.6,13
Facebook,22029,2015,21261,23
American Express,21940,2008,21828.7,14
Louis Vuitton,21860,2010,21786,15
Mercedes-Benz,21795,2006,21616.1,9
Mercedes-Benz,21728,2001,21665.6,9
Honda,21673,2014,21354.7,20
BMW,21671,2009,21833.7,14
BMW,21612,2007,21412.5,12
Louis Vuitton,21602,2008,21473.9,15
Citi,21458,2006,21308.9,10
Mercedes-Benz,21371,2003,21334.9,8
Mercedes-Benz,21331,2004,21335,9
Cisco,21306,2008,21085.3,16
SAP,21293,2016,21040.5,22
Apple,21143,2010,20572,16
Louis Vuitton,21120,2009,21168.2,15
Mercedes-Benz,21104,2000,21104,9
H&M,21083,2014,20791.5,21
Mercedes-Benz,21010,2002,21081.8,8
HP,20978,2004,20866.2,10
American Express,20827,2007,20708.4,13
Pepsi,20798,2018,20767.3,22
Toyota,20784,2003,20650.4,9
HP,20572,2000,20572,10
Pepsi,20491,2017,20468.4,22
H&M,20488,2017,20707.3,23
HP,20458,2006,20298.8,11
Gillette,20415,2007,20331.4,14
Ford,20403,2002,21371.9,9
Louis Vuitton,20321,2007,20049.5,15
Pepsi,20265,2016,20200.7,23
Citi,20174,2008,20500.8,17
Cisco,20067,2000,20067,11
Mercedes-Benz,20006,2005,20138.5,9
Chanel,20005,2018,NA,23
Citi,19971,2004,19831,11
Citi,19967,2005,19967.4,10
Gillette,19950,2016,20176.8,24
Nike,19875,2014,19596,22
HP,19860,2003,19551.6,10
American Express,19641,2006,19532.8,12
Pepsi,19622,2015,19571.7,24
BMW,19617,2006,19367.9,13
Gillette,19579,2006,19374.5,14
American Express,19510,2014,19323.6,23
Samsung,19491,2010,19293.7,17
Toyota,19448,2002,19361,10
Honda,19431,2011,19338.5,18
American Express,19139,2018,19003.8,24
Pepsi,19119,2014,18996.3,24
Cisco,19099,2007,18942.3,16
Honda,19079,2008,18970.9,18
Citi,19005,2001,18985.4,10
American Express,18922,2015,18980.8,25
HP,18866,2005,19077.2,11
Toyota,18823,2000,18823,12
Citi,18809,2000,18809,13
SAP,18768,2015,18625.2,26
Amazon,18625,2012,18038.3,19
Toyota,18578,2001,18602.5,11
Zara,18573,2017,18392.3,24
Citi,18571,2003,18520.5,11
American Express,18559,2005,18471.4,12
Honda,18506,2010,18435.7,18
Honda,18490,2013,18369,20
IKEA,18472,2017,18408.2,25
American Express,18358,2016,18414.4,25
Gillette,18200,2017,18375,26
H&M,18168,2013,18008.3,21
Citi,18066,2002,18159.9,11
Honda,17998,2007,17903.1,17
HP,17983,2001,18241.9,12
Pepsi,17892,2013,17762.2,22
Google,17837,2007,17290.9,18
IKEA,17834,2016,17704.7,26
Honda,17803,2009,17930.6,16
American Express,17787,2017,17844.1,27
Zara,17712,2018,17798.1,25
Samsung,17689,2008,17605.4,19
American Express,17683,2004,17598,12
American Express,17646,2013,17451.6,23
Louis Vuitton,17606,2006,17453.1,15
J.P. Morgan,17567,2018,17385.2,26
Gillette,17534,2005,17452.9,13
Cisco,17532,2006,17438,16
Samsung,17518,2009,17535.1,17
IKEA,17458,2018,17559.4,27
Gillette,17358,2000,17358,14
SAP,17340,2014,17273.6,25
Honda,17280,2012,17495.1,20
Oracle,17262,2011,17023.9,19
Cisco,17209,2001,17494.8,13
BMW,17126,2005,17002,14
Nike,17085,2013,16889.1,24
Ford,17066,2003,17399.7,12
Honda,17049,2006,16922.9,17
American Express,16919,2001,16839.3,14
Gillette,16864,2018,16997.6,28
Samsung,16853,2007,16784.6,19
UPS,16849,2018,16802.8,29
American Express,16833,2003,16778.4,13
H&M,16826,2018,17192.2,30
HP,16776,2002,16896.7,12
Zara,16766,2016,16492.5,27
Gillette,16723,2004,16648.5,13
SAP,16676,2013,16572.5,25
Pampers,16617,2018,16596.9,31
Pepsi,16594,2012,16393.6,21
Cisco,16592,2005,16527.6,15
H&M,16571,2012,16559.8,22
IKEA,16541,2015,16475.4,27
H&M,16459,2011,16426.7,20
Pampers,16416,2017,16387.8,28
Sony,16409,2000,16409,15
UPS,16387,2017,16281.6,29
Herm??s,16372,2018,16155.8,32
American Express,16287,2002,16350.2,13
Cisco,16222,2002,16320.7,14
Samsung,16169,2006,16047.7,18
H&M,16136,2010,16059.9,19
Pampers,16134,2016,16047.3,28
American Express,16122,2000,16122,16
Louis Vuitton,16077,2005,15129.5,16
Gillette,15978,2003,15876.1,14
Cisco,15948,2004,15932.1,14
BMW,15886,2004,15808,15
IKEA,15885,2014,15678.3,26
Cisco,15789,2003,15832.3,15
Honda,15788,2005,15696.6,17
J.P. Morgan,15749,2017,15596.8,30
American Express,15702,2012,15589,23
SAP,15641,2012,15531.1,24
Budweiser,15627,2018,15601.8,33
Honda,15625,2003,15568.9,16
Apple,15433,2009,15262.1,18
Budweiser,15375,2017,15347.4,31
H&M,15375,2009,15221.5,19
UPS,15333,2016,15272,29
Gillette,15298,2001,15504,15
Pampers,15267,2015,15148.1,28
Honda,15244,2000,15244,17
Nike,15126,2012,15066.2,25
BMW,15106,2003,15037.9,17
Budweiser,15099,2016,14983.4,30
Honda,15064,2002,15021.4,15
Sony,15005,2001,15145.4,16
American Express,14971,2009,15667.9,20
Gillette,14959,2002,14992.9,16
Samsung,14956,2005,14715.7,18
Oracle,14881,2010,14762.8,20
Honda,14874,2004,14949.1,16
UPS,14723,2015,14697.7,29
Honda,14638,2001,14698.6,17
Pepsi,14590,2011,14537.1,21
American Express,14572,2011,14509.2,22
SAP,14542,2011,14363.4,23
Nike,14528,2011,14445.8,24
Ford,14475,2004,14734.1,17
UPS,14470,2014,14399.3,27
BMW,14425,2002,14368.3,17
eBay,14358,2014,14238.4,28
Facebook,14349,2014,13687.3,29
J.P. Morgan,14227,2016,14179.2,31
Accenture,14214,2018,14039.7,34
Herm??s,14210,2017,14072.3,32
Pampers,14078,2014,13973.7,30
Pepsi,14061,2010,14025.5,21
Zara,14031,2015,13840.5,30
Ford,13995,2018,13959.8,35
American Express,13944,2010,14046.7,22
Budweiser,13943,2015,13851.1,31
eBay,13940,2015,13981.8,32
Sony,13899,2002,14009.6,18
BMW,13858,2001,13769.1,18
H&M,13840,2008,13840,20
Oracle,13831,2008,13692.7,21
IKEA,13818,2013,13717,26
UPS,13763,2013,13695.5,27
J.P. Morgan,13749,2015,13619.7,33
Apple,13724,2008,13455.3,22
Volkswagen,13716,2014,13456.4,31
Nike,13706,2010,13653.3,23
Pepsi,13706,2009,13660.3,21
Oracle,13699,2009,13712.2,22
NESCAF??,13680,2000,13680,18
Ford,13643,2017,13574.9,33
Sony,13583,2008,13515.4,23
HSBC,13563,2007,13368.9,20
Hyundai,13535,2018,13500.8,36
Kellogg's,13442,2014,13396.5,32
NESCAF??,13317,2009,13290.9,23
NESCAF??,13250,2001,13293,19
Pepsi,13249,2008,13212.9,24
eBay,13224,2017,13215.2,34
Hyundai,13193,2017,13128.4,35
Nike,13179,2009,13128.3,24
eBay,13162,2013,12940.5,28
Ford,13159,2005,13290.6,19
Sony,13153,2003,13227.6,18
HSBC,13143,2008,13185,25
HSBC,13142,2014,13046.1,33
eBay,13136,2016,13216.4,32
UPS,13088,2012,13032.8,26
NESCAF??,13056,2008,13045.4,26
NESCAF??,13053,2018,13013.8,37
Pampers,13035,2013,12861.1,29
Budweiser,13024,2014,12983,34
eBay,13017,2018,13037.7,38
Kellogg's,12987,2013,12895.1,30
BMW,12969,2000,12969,19
Ford,12962,2016,12823.6,33
NESCAF??,12950,2007,12905.7,21
Gucci,12942,2018,12644.7,39
Sony,12907,2007,12785.8,22
Pepsi,12888,2007,12868.2,23
NESCAF??,12843,2002,12883.7,19
Herm??s,12833,2016,12644.1,34
IKEA,12808,2012,12713.5,27
Sony,12759,2004,12798.4,18
Amazon,12758,2011,12448.7,25
SAP,12756,2010,12691,24
NESCAF??,12753,2010,12809.4,25
Pepsi,12690,2006,12660.9,19
Nike,12672,2008,12605.1,27
NESCAF??,12661,2017,12646.6,36
Kellogg's,12637,2015,12717.5,34
UPS,12621,2008,12560.2,28
Budweiser,12614,2013,12539.8,31
Samsung,12553,2004,12382.3,19
Hyundai,12547,2016,12421.6,35
Volkswagen,12545,2015,12662.1,35
UPS,12536,2011,12465,26
NESCAF??,12517,2016,12491,36
NESCAF??,12507,2006,12480.4,20
IKEA,12487,2010,12438.7,26
Accenture,12471,2017,12427.2,37
J.P. Morgan,12456,2014,12356,35
Oracle,12448,2007,12349.1,24
J.P. Morgan,12437,2011,12424.7,27
Pepsi,12399,2005,12365.7,20
Google,12376,2006,11984.5,21
NESCAF??,12336,2003,12386.7,19
J.P. Morgan,12314,2010,12037.6,27
NESCAF??,12257,2015,12171.9,36
Budweiser,12252,2010,12210.1,28
Budweiser,12252,2011,12252,28
NESCAF??,12241,2005,12206.1,21
SAP,12228,2008,12090.2,29
Oracle,12224,2001,12224,20
Nissan,12213,2018,12145.1,40
Volkswagen,12201,2018,12133.1,41
Audi,12187,2018,12170.6,42
HSBC,12183,2013,12102.5,32
Zara,12126,2014,11995.5,36
NESCAF??,12115,2011,12178.8,29
SAP,12106,2009,12118.2,25
Philips,12104,2018,12045.5,43
Kellogg's,12068,2012,11998.4,28
Pepsi,12066,2004,12037.1,20
Accenture,12033,2016,11909.7,37
Canon,12029,2012,11997.6,29
Audi,12023,2017,12000.6,38
UPS,12013,2007,11882.9,25
IKEA,12004,2009,11894.9,26
Nike,12003,2007,11892.4,26
Sony,11953,2009,12116,27
Budweiser,11894,2003,11839.5,20
NESCAF??,11892,2004,11936.4,21
Budweiser,11878,2005,11874.8,22
Budweiser,11872,2012,11910,30
IKEA,11863,2011,11925.4,30
Budweiser,11846,2004,11850.8,22
Budweiser,11833,2009,11793.5,28
UPS,11826,2010,11802.8,29
Audi,11799,2016,11651.9,38
HSBC,11792,2011,11768.9,31
Pepsi,11777,2003,11238.7,21
Goldman Sachs,11769,2018,11678.5,44
Canon,11715,2011,11692,32
Kellogg's,11711,2016,11803.6,39
Canon,11702,2014,11630.7,37
Sony,11695,2006,11600.9,22
Budweiser,11662,2006,11683.6,23
HSBC,11656,2015,11804.6,37
Budweiser,11652,2007,11653,27
HSBC,11622,2006,11502.7,24
UPS,11594,2009,11696.7,29
Ford,11578,2015,11507.8,38
Citi,11577,2018,11479.2,45
HSBC,11561,2010,11455.9,30
Nissan,11534,2017,11487.2,39
Volkswagen,11522,2017,11513.4,40
Philips,11519,2017,11500.7,41
Oracle,11510,2002,11581.4,20
Morgan Stanley,11498,2004,11417.3,23
Canon,11485,2010,11380.6,31
J.P. Morgan,11471,2012,11567.6,31
Oracle,11459,2006,11401.8,25
J.P. Morgan,11456,2013,11457.5,33
Budweiser,11438,2008,11459.4,30
Volkswagen,11436,2016,11546.9,40
J.P. Morgan,11433,2007,11310.2,28
NESCAF??,11406,2014,11330.5,38
HSBC,11378,2012,11419.4,32
Kellogg's,11372,2011,11338.9,33
Sony,11356,2010,11415.7,32
Budweiser,11349,2002,11297.9,21
Philips,11336,2016,11142.4,41
Pampers,11296,2012,NA,33
Hyundai,11293,2015,11204.6,39
Canon,11278,2015,11320.4,40
Oracle,11263,2003,11287.7,22
HSBC,11208,2018,11140.6,46
Morgan Stanley,11205,2002,11205,22
Volkswagen,11120,2013,10933.2,34
AXA,11118,2018,11113.5,47
L'Or??al,11102,2018,11059.2,48
NESCAF??,11089,2012,11191.6,34
Canon,11081,2016,11100.7,42
AXA,11073,2017,11023.6,42
Nissan,11066,2016,10867.6,43
Ford,11056,2006,11266.3,26
Kellogg's,11041,2010,10979.7,33
Apple,11037,2007,10846.3,29
Hewlett Packard Enterprise,11027,2016,11027,44
Canon,10989,2013,11093,35
Kellogg's,10972,2017,11045.9,43
eBay,10947,2012,10832.8,35
Herm??s,10944,2015,10747.3,41
Oracle,10935,2004,10967.8,24
L'Or??al,10930,2016,10916.8,45
IKEA,10913,2008,10830.4,31
Nike,10897,2006,10818.7,27
Oracle,10887,2005,10891.8,23
Canon,10876,2008,10846.5,32
Ford,10876,2014,10706.5,39
Goldman Sachs,10864,2017,10715.4,44
SAP,10850,2007,10765.7,30
Samsung,10846,2003,10592.4,23
Budweiser,10838,2001,10822.6,21
Allianz,10821,2018,10744.8,49
Zara,10821,2013,10687.7,36
Accenture,10800,2015,10708.2,42
L'Or??al,10798,2015,10734.4,43
J.P. Morgan,10773,2008,10839,33
adidas,10772,2018,10616.4,50
Sony,10754,2005,10954.5,24
Adobe,10748,2018,10579.2,51
UPS,10712,2006,10633.1,28
Porsche,10707,2018,10649.2,52
Morgan Stanley,10691,2003,10742.4,24
Budweiser,10684,2000,10684,20
L'Or??al,10674,2017,10699.6,45
Goldman Sachs,10663,2007,10560.7,31
NESCAF??,10651,2013,10694.8,37
Kellogg's,10634,2018,10667.8,53
Citi,10599,2017,10566.7,46
Canon,10581,2007,10519.7,32
AXA,10579,2016,10446.5,46
HSBC,10534,2017,10526.4,47
HSBC,10510,2009,10773.3,30
HSBC,10458,2016,10577.8,47
Canon,10441,2009,10484.5,31
HP,10433,2018,10343.8,54
HSBC,10429,2005,10253.2,25
Kellogg's,10428,2009,10356.2,32
Hyundai,10409,2014,10268.5,40
HP,10386,2016,11653,48
Gucci,10385,2014,10361.6,41
Canon,10380,2018,10320.8,55
Morgan Stanley,10340,2007,10282.2,33
Goldman Sachs,10331,2008,10364.2,34
Audi,10328,2015,10278.3,44
Citi,10276,2016,10226.8,49
Philips,10264,2014,10218.9,42
Citi,10254,2009,11246,33
J.P. Morgan,10205,2006,10130,29
L'Or??al,10162,2014,10133.2,43
Gucci,10151,2013,10080.5,38
Siemens,10132,2018,10117,56
Porsche,10129,2017,10069.8,48
Nike,10114,2005,10028.6,26
IKEA,10087,2007,9954.6,34
Allianz,10059,2017,10005.9,49
SAP,10007,2006,9906.9,30
Siemens,9982,2017,9925.3,50
Gucci,9969,2017,9910.6,51
Canon,9968,2006,9875.6,31
UPS,9923,2005,9923,27
Accenture,9882,2014,9840.9,44
Sony,9880,2011,10027.6,34
L'Or??al,9874,2013,9768.7,39
Audi,9831,2014,9624.6,45
Philips,9813,2013,9738.3,40
eBay,9805,2011,9669.8,35
Canon,9788,2017,9917.3,52
Citi,9784,2015,9679.3,45
J.P. Morgan,9782,2004,9715.8,25
Morgan Stanley,9777,2005,9949.1,28
Morgan Stanley,9762,2006,9763.5,32
Kellogg's,9710,2008,9673.1,35
J.P. Morgan,9693,2002,9693,23
Amazon,9665,2010,9484.3,34
Goldman Sachs,9640,2006,9525.5,33
Starbucks,9615,2018,9523.9,57
J.P. Morgan,9550,2009,9672.3,34
HP,9541,2017,9625.5,53
Porsche,9537,2016,9388.8,50
Danone,9533,2018,9511.9,58
Allianz,9528,2016,9425,51
Goldman Sachs,9526,2015,9449.2,46
Zara,9488,2012,9345.7,36
Accenture,9471,2013,9398.4,41
Nintendo,9460,2001,9460,22
J.P. Morgan,9455,2005,9487.7,29
Gucci,9446,2012,9377.7,37
Siemens,9415,2016,9328.8,52
Philips,9400,2015,9486.4,47
Gucci,9385,2016,9334.7,53
Goldman Sachs,9378,2016,9392.8,54
Goldman Sachs,9372,2010,9359.6,35
Kellogg's,9341,2007,9284.5,35
Danone,9322,2017,9309.5,54
Sony,9316,2018,9231.8,59
Nike,9260,2004,9150.7,26
AXA,9254,2015,9140.6,48
Volkswagen,9252,2012,9112.5,38
Goldman Sachs,9248,2009,9356.3,35
Nintendo,9219,2002,9243.1,24
adidas,9216,2017,9082.9,55
Nintendo,9210,2009,9166.2,36
Danone,9197,2016,9140.5,55
Ford,9181,2013,9058.7,42
Apple,9130,2006,9015.5,34
J.P. Morgan,9120,2003,9177.3,25
Sony,9111,2012,9187.9,39
3M,9104,2018,9088.3,60
Goldman Sachs,9091,2011,9119.1,36
Nissan,9082,2015,8936.1,49
Philips,9066,2012,9025.2,40
Adobe,9060,2017,8912.6,56
Canon,9044,2005,8945.1,30
Visa,9021,2018,8900.4,61
SAP,9006,2005,8937.7,31
Hyundai,9004,2013,8850.9,43
Nintendo,8990,2010,9012,36
Ford,8982,2007,9189.4,36
Herm??s,8977,2014,8840.9,46
Hewlett Packard Enterprise,8951,2017,9158.6,57
3M,8947,2017,8872.2,58
Nestl??,8938,2018,8917,62
Citi,8887,2010,9023.7,37
Gucci,8882,2015,9032.3,50
L'Or??al,8821,2012,8808.8,41
Morgan Stanley,8802,2018,8742.3,63
Kellogg's,8776,2006,8729,35
Nintendo,8772,2008,8667.8,36
Gucci,8763,2011,8721.3,37
IKEA,8763,2006,8668.4,36
Goldman Sachs,8758,2014,8735.8,47
Accenture,8745,2012,8671,42
Citi,8737,2014,8660.6,48
Nestl??,8728,2017,8726,59
Nestl??,8708,2016,8696,56
Starbucks,8704,2017,8582.6,60
L'Or??al,8699,2011,8627.2,38
Morgan Stanley,8696,2008,8860.4,37
Philips,8696,2010,8638.5,38
Siemens,8672,2014,8655.1,49
HSBC,8671,2004,8560.4,27
Colgate,8659,2018,8625.6,64
Philips,8658,2011,8661.8,39
Danone,8632,2015,8589.3,51
Citi,8620,2011,8646.7,40
Nestl??,8588,2015,8529.2,52
Siemens,8553,2015,8564.9,53
Goldman Sachs,8536,2013,8442.3,44
Siemens,8503,2013,8406.1,45
Allianz,8498,2015,8418.4,54
Goldman Sachs,8495,2005,8440.9,32
Sony,8474,2017,8458.1,61
Colgate,8464,2015,8439.1,55
Google,8461,2005,8461,33
eBay,8453,2010,8342.7,39
Colgate,8413,2016,8418.1,57
Sony,8408,2013,8478.3,46
Gucci,8346,2010,8329.6,40
Colgate,8325,2017,8333.8,62
Philips,8325,2008,8266.6,38
SAP,8323,2004,8262.1,28
Sony,8315,2016,8253.7,58
Samsung,8310,2002,8116.4,25
Kellogg's,8306,2005,8278.3,34
Gucci,8254,2008,8198.3,39
Colgate,8215,2014,8176.8,50
Danone,8205,2014,8181.3,51
Morgan Stanley,8205,2017,8104.5,63
3M,8199,2016,8103.4,59
Nintendo,8190,2003,8292.9,26
Gucci,8182,2009,8189.2,37
Nike,8167,2003,8122.7,27
Hewlett Packard Enterprise,8157,2018,8236.4,65
Sony,8133,2014,8160.5,52
Philips,8121,2009,8141.4,38
AXA,8120,2014,8017.6,53
Netflix,8111,2018,7859.1,66
Zara,8065,2011,8005.3,41
Canon,8055,2004,7968.7,29
Porsche,8055,2015,7966.6,56
Kellogg's,8029,2004,7969.9,30
Nike,8015,2000,8015,21
Accenture,8005,2011,7952.6,42
Nestl??,8000,2014,7952.7,54
eBay,7991,2008,7937.5,40
Apple,7985,2005,7873.6,35
L'Or??al,7981,2010,7957.7,41
Citi,7973,2013,7932.7,47
Danone,7968,2013,7921,48
Ford,7958,2012,7910.5,43
Goldman Sachs,7954,2004,7862.5,31
Accenture,7948,2008,7882.8,41
Siemens,7943,2008,7922.4,42
Cartier,7924,2015,7876.5,57
Siemens,7900,2011,7841.5,43
Ford,7896,2008,8004.6,43
adidas,7885,2016,7777.6,60
Goldman Sachs,7862,2001,7862,23
Amazon,7858,2009,7715.6,39
Volkswagen,7857,2011,7760.5,44
Volkswagen,7834,2000,7834,22
Colgate,7833,2013,7814,49
Siemens,7828,2006,7795.9,37
IKEA,7817,2005,7753.5,36
Visa,7815,2017,7808.2,64
Audi,7767,2013,7709.9,50
L'Or??al,7748,2009,7724,40
Visa,7747,2016,7659.3,61
Philips,7741,2007,7639.9,37
Harley-Davidson,7739,2006,7699.7,38
Cartier,7738,2016,7756.6,62
Siemens,7737,2007,7746.1,38
Facebook,7732,2013,7500.9,51
Nintendo,7731,2011,7856.9,45
Nintendo,7730,2007,7612.9,39
Nike,7724,2002,7710.5,26
Harley-Davidson,7718,2007,7720.1,40
SAP,7714,2003,7620.1,28
Accenture,7710,2009,7733.8,41
Allianz,7702,2014,7602.8,55
Sony,7702,2015,7745.1,58
Gucci,7697,2007,7643.1,41
Cartier,7646,2018,7636.1,67
Colgate,7643,2012,7591.4,44
Nissan,7623,2014,7481,56
Herm??s,7616,2013,7472.6,52
Harley-Davidson,7609,2008,7619.9,44
Goldman Sachs,7599,2012,7748.2,45
Nike,7589,2001,7631.6,24
Adobe,7586,2016,7453.1,63
Huawei,7578,2018,7487.8,68
Citi,7570,2012,7675,46
HSBC,7565,2003,7565,29
Banco Santander,7547,2018,7462.5,69
Cartier,7547,2017,7566.1,65
Mastercard,7545,2018,7425.5,70
adidas,7535,2013,7451.4,53
Siemens,7534,2012,7570.6,47
Nestl??,7527,2013,7465.9,54
L'Or??al,7508,2008,7461.7,45
Siemens,7507,2005,7503.3,37
Danone,7498,2012,7441.8,48
Starbucks,7490,2016,7367.6,64
Ford,7483,2011,7454.2,46
Accenture,7481,2010,7503.9,42
Hyundai,7473,2012,7326.2,49
Siemens,7470,2004,7470,32
Zara,7468,2010,7400.1,43
eBay,7456,2007,7385.9,42
Cartier,7449,2014,7393.8,57
Kellogg's,7438,2003,7413.3,30
adidas,7378,2014,7393.7,58
Kellogg's,7357,2000,7357,23
eBay,7350,2009,7414.1,42
Harley-Davidson,7346,2005,7317.1,38
Volkswagen,7338,2001,7387.6,25
AXA,7327,2007,7327,43
Siemens,7315,2010,7314.3,44
Siemens,7308,2009,7371.5,43
Accenture,7296,2007,7239.2,44
3M,7243,2015,7136.4,59
Morgan Stanley,7218,2012,7159.6,50
Volkswagen,7209,2002,7221.9,27
Morgan Stanley,7200,2016,7188.3,65
Audi,7196,2012,7093.5,51
Ford,7195,2010,7176,45
Goldman Sachs,7194,2002,7260.8,28
Canon,7192,2003,7144.9,31
Kellogg's,7191,2002,7172.4,29
IKEA,7182,2004,7155.6,33
Porsche,7171,2014,7101,59
Gucci,7158,2006,7104.1,39
Colgate,7127,2011,7106.2,47
Caterpillar,7125,2013,7043.1,55
AXA,7096,2013,7061.2,56
Morgan Stanley,7083,2015,7008.1,60
Nintendo,7082,2012,7146.9,52
Harley-Davidson,7057,2004,7028.8,34
Louis Vuitton,7054,2002,7053.9,30
Louis Vuitton,7053,2001,7036.4,26
Volkswagen,7047,2008,6993.4,46
L'Or??al,7045,2007,6979.7,45
Goldman Sachs,7039,2003,7054.5,32
LEGO,7024,2017,6990.7,66
Ford,7005,2009,7094.1,44
Kellogg's,7005,2001,7040.2,27
AXA,7001,2008,7033.6,47
Volkswagen,6938,2003,6965.1,33
Danone,6936,2011,6878.7,48
Kia,6925,2018,6900.8,71
Colgate,6919,2010,6882.1,46
IKEA,6918,2003,6880.7,34
Nestl??,6916,2012,6885.7,53
Morgan Stanley,6911,2010,6859.8,47
Cartier,6897,2013,6756.8,57
Volkswagen,6892,2010,6851.2,48
FedEx,6890,2018,6826.5,72
Louis Vuitton,6887,2000,6887,24
Apple,6871,2004,6739.3,35
Visa,6870,2015,6782.8,61
Caterpillar,6812,2014,6843.3,60
adidas,6811,2015,6867.7,62
Zara,6789,2009,6705.6,45
Harley-Davidson,6775,2003,6724.1,35
SAP,6775,2002,6728.2,31
eBay,6755,2006,6649.6,40
AXA,6748,2012,6742.6,54
Philips,6730,2006,6647.1,41
Accenture,6728,2006,6669.4,42
Canon,6721,2002,6706.9,32
Allianz,6710,2013,6657.4,58
Louis Vuitton,6708,2003,6742.6,36
Banco Santander,6702,2017,6654.1,67
adidas,6699,2012,6644.5,55
AXA,6694,2010,6677.1,49
AXA,6694,2011,6694,49
LEGO,6691,2016,6558.1,66
Kia,6683,2017,6647.3,68
Huawei,6676,2017,6591.9,69
Pepsi,6636,2000,6636,25
Morgan Stanley,6634,2011,6661.7,50
PayPal,6621,2018,6499.7,73
Gucci,6619,2005,6428.6,39
Nestl??,6613,2011,6606.5,51
Louis Vuitton,6602,2004,6612.6,36
Apple,6594,2000,6594,26
Canon,6580,2001,6580,28
Nintendo,6559,2006,6550.1,43
Colgate,6550,2009,6538.7,46
Nestl??,6548,2010,6525.1,50
IKEA,6545,2002,6491,33
LEGO,6533,2018,6582.1,74
AXA,6525,2009,6572.6,47
Volkswagen,6511,2007,6463.1,46
Discovery,6509,2015,6472.4,63
Volkswagen,6484,2009,6540.3,48
Nintendo,6479,2004,6650.1,37
Porsche,6471,2013,6338.8,59
Nintendo,6470,2005,6470.9,40
Colgate,6437,2008,6395.8,48
Panasonic,6436,2015,6422.7,64
Amazon,6434,2008,6331.7,49
Salesforce.com,6432,2018,6311.2,75
Volkswagen,6410,2004,6462.8,38
Morgan Stanley,6399,2009,6628.7,49
Pepsi,6394,2002,6376,34
L'Or??al,6392,2006,6353.3,44
Samsung,6374,2001,6258.9,29
Panasonic,6365,2016,6372.1,67
Danone,6363,2010,6322.7,51
Chanel,6355,2008,6302.5,50
Mastercard,6350,2017,6288.6,70
Morgan Stanley,6334,2014,6273,61
Kia,6326,2016,6260,68
Nestl??,6319,2009,6246.3,50
SAP,6307,2001,6289.8,30
Caterpillar,6306,2012,6235.2,56
Tiffany & Co.,6306,2015,6269,65
Panasonic,6303,2014,6254.8,62
Panasonic,6293,2018,6262,76
Shell,6288,2014,6212.7,63
Harley-Davidson,6266,2002,6192.6,35
Starbucks,6266,2015,6177.6,66
Adobe,6257,2015,6164.6,67
FedEx,6255,2017,6187.4,71
Johnson & Johnson,6231,2018,6212,77
Banco Santander,6223,2016,6210.4,69
Prada,6222,2015,6197.5,68
Land Rover,6221,2018,6208.4,78
Pepsi,6214,2001,6256.2,31
Nissan,6203,2013,6079.6,60
KFC,6192,2013,6172.2,61
Allianz,6184,2012,6100.1,57
Herm??s,6182,2012,6099.4,58
3M,6177,2014,6100.6,64
Audi,6171,2011,6100,52
adidas,6154,2011,6088.1,53
Discovery,6143,2014,6104.3,65
Accenture,6142,2005,6105,41
SAP,6135,2000,6135,27
Banco Santander,6097,2015,6025.5,69
Land Rover,6095,2017,6055.1,72
Nintendo,6086,2013,6185.6,62
KFC,6059,2014,6072.3,66
Johnson & Johnson,6041,2017,6015.9,73
Volkswagen,6032,2006,5990.5,45
IKEA,6031,2000,6031,28
Colgate,6025,2007,5985.8,47
Hyundai,6005,2011,5907.8,54
IKEA,6005,2001,6007.6,32
L'Or??al,6005,2005,5994.7,42
Visa,5998,2014,5944.7,67
KFC,5994,2012,5984.8,59
Panasonic,5983,2017,6021.2,74
Prada,5977,2014,5936.3,68
Caterpillar,5976,2015,6059.6,70
Danone,5960,2009,5904.8,51
Zara,5955,2008,5876,51
Discovery,5944,2016,6000.5,70
Tiffany & Co.,5936,2014,5886.4,69
KFC,5902,2011,5896.2,55
L'Or??al,5902,2004,5871.8,39
Philips,5901,2005,5748.7,43
DHL,5881,2018,5864.4,79
Burberry,5873,2015,5845.1,71
KFC,5844,2010,5831.8,52
Huawei,5835,2016,5746.7,71
Chanel,5830,2007,5762.6,48
Panasonic,5821,2013,5815.4,63
Sprite,5811,2013,5800.8,64
Johnson & Johnson,5790,2016,5764.3,72
Sprite,5777,2010,5777,53
Accenture,5772,2004,5724.9,40
Panasonic,5765,2012,5693.2,60
Tiffany & Co.,5761,2016,5815.5,73
Ferrari,5760,2018,5671.6,80
Discovery,5756,2013,5756,65
Discovery,5755,2018,5720.6,81
KFC,5742,2016,5731.7,74
Mastercard,5736,2016,5717.5,75
Caterpillar,5730,2018,5643.8,82
Morgan Stanley,5724,2013,5873.4,66
KFC,5722,2009,5708,52
DHL,5715,2017,5714.3,75
Sprite,5709,2012,5698.5,61
DHL,5708,2016,5676.3,76
eBay,5701,2005,5600.9,44
Land Rover,5696,2016,5637.3,77
KFC,5682,2007,5648.8,49
Harley-Davidson,5671,2017,5656.6,76
Kia,5666,2015,5639,72
Sprite,5646,2014,5662.5,70
Tiffany & Co.,5642,2018,5617.2,83
Jack Daniel's,5641,2018,5610.1,84
KFC,5639,2015,5681,73
Colgate,5633,2006,5588.3,46
Volkswagen,5617,2005,5696.3,45
Sprite,5604,2011,5621.3,56
L'Or??al,5600,2003,5547.9,37
Caterpillar,5598,2011,5508.6,57
Burberry,5594,2014,5553.5,71
Nestl??,5592,2008,5564.2,52
Netflix,5592,2017,5592,77
KFC,5582,2008,5592,53
FedEx,5579,2016,5534.1,78
KFC,5576,2003,5553,38
Prada,5570,2013,5440.1,67
Apple,5554,2003,5530.2,39
Mastercard,5551,2015,5471.7,74
Shell,5535,2013,5460.3,68
Johnson & Johnson,5533,2015,5499.1,75
Harley-Davidson,5532,2001,5532,33
Shell,5530,2015,5605.8,76
Harley-Davidson,5527,2016,5520.3,79
Corona,5517,2018,5442.9,85
Prada,5504,2016,5575.8,80
adidas,5495,2010,5485.2,54
Cartier,5495,2012,5423.6,62
KFC,5481,2018,5464.2,86
Philips,5481,2000,5481,29
Visa,5465,2013,5412.9,69
Apple,5464,2001,5577,34
Audi,5461,2010,5415.9,55
Harley-Davidson,5460,2015,5391.2,77
Tiffany & Co.,5440,2013,5411.9,70
Caterpillar,5425,2016,5480.1,81
Facebook,5421,2012,5421,63
3M,5413,2013,5337.3,71
Amazon,5411,2007,5340.6,50
Discovery,5411,2017,5464.3,78
Danone,5408,2008,5369.1,54
PayPal,5408,2017,5351.1,79
Audi,5407,2008,5352.9,55
adidas,5397,2009,5364.5,53
Kia,5396,2014,5327.2,72
Tiffany & Co.,5394,2017,5430.7,80
Heineken,5393,2018,5371.8,87
DHL,5391,2015,5360.3,78
Banco Santander,5382,2014,5309.8,73
Starbucks,5382,2014,5283.7,74
John Deere,5375,2018,5315.8,88
Sprite,5365,2015,5393.1,79
Gucci,5363,2001,5341.6,35
Burberry,5362,2016,5413.1,82
LEGO,5362,2015,5362,80
Herm??s,5356,2011,5298.6,58
KFC,5350,2006,5326.2,47
KFC,5346,2002,5337.5,36
Allianz,5345,2011,5300.9,59
Adobe,5333,2014,5289.6,75
Jack Daniel's,5332,2017,5318.1,81
Apple,5316,2002,5330.8,37
Nestl??,5314,2007,5275.8,51
KFC,5313,2017,5355.9,82
Gucci,5304,2002,5309.9,38
Accenture,5301,2003,5289.1,40
Caterpillar,5288,2008,5265.1,56
Shell,5276,2018,5230.7,89
KFC,5261,2001,5261,36
MINI,5254,2018,5240,90
Salesforce.com,5224,2017,5224,83
Dior,5223,2018,5159.4,91
Samsung,5223,2000,5223,30
John Deere,5208,2015,5199.6,81
Johnson & Johnson,5194,2014,5152.3,76
Jack Daniel's,5193,2016,5189.8,83
Burberry,5189,2013,5104.3,72
Colgate,5186,2005,5160.3,46
Accenture,5182,2002,5182,39
Heineken,5181,2017,5175.2,84
Spotify,5176,2018,5176,92
Zara,5165,2007,5072,52
Harley-Davidson,5161,2018,5212,93
Jack Daniel's,5161,2015,5133.3,82
Tiffany & Co.,5159,2012,5092.9,64
Chanel,5156,2006,5118.2,48
Gucci,5149,2000,5149,31
Porsche,5149,2012,5092.1,65
Sprite,5148,2016,5169.7,84
Burberry,5135,2017,5157.7,85
FedEx,5130,2015,5058.4,83
John Deere,5124,2014,5098.1,77
Heineken,5123,2016,5092.9,85
KFC,5118,2004,5163.8,41
MINI,5114,2017,5101.2,86
KFC,5112,2005,5112.6,47
Land Rover,5109,2015,5045.4,84
Gucci,5100,2003,5120.4,41
Banco Santander,5088,2011,5063.8,60
DHL,5084,2014,5084,78
L'Or??al,5079,2002,5079,40
adidas,5072,2008,5041.5,57
Caterpillar,5059,2007,5011.1,53
Panasonic,5047,2011,4977.4,61
Hyundai,5033,2010,4990.1,56
Danone,5019,2007,4980.9,54
Audi,5010,2009,5049.7,54
Caterpillar,5004,2009,5032.4,55
Burberry,4989,2018,5003.6,94
MINI,4986,2016,4911.7,86
Nissan,4969,2012,4854,66
Huawei,4952,2015,4888.1,85
Visa,4944,2012,4897.4,67
Nestl??,4932,2006,4913.2,49
Colgate,4929,2004,4904.7,42
Dior,4909,2016,4909,87
Allianz,4904,2010,4796.7,57
Philips,4900,2001,4958.1,37
Adobe,4899,2013,4864.8,73
Jack Daniel's,4884,2014,4859.8,79
Ferrari,4876,2017,NA,87
Caterpillar,4868,2017,4923.7,88
Audi,4866,2007,4795.9,55
John Deere,4865,2013,4800.6,74
Banco Santander,4846,2010,4846,58
Hyundai,4846,2008,4806.7,58
Johnnie Walker,4842,2014,4832.3,80
Sprite,4842,2017,4872.6,89
PayPal,4839,2016,4780.2,88
Shell,4823,2017,4800.6,90
Heineken,4822,2015,4761.9,86
John Deere,4815,2016,4854.3,89
Prada,4812,2018,4802.4,95
Shell,4788,2012,4757.5,68
John Deere,4783,2017,4786.2,91
Herm??s,4782,2010,4763.6,59
Cartier,4781,2011,4708.1,62
Chanel,4778,2005,4741.8,48
Johnson & Johnson,4777,2013,4737.1,75
Corona,4776,2017,4749.3,92
Harley-Davidson,4772,2014,4717.8,81
Banco Santander,4771,2012,4802.7,69
adidas,4767,2007,4719.3,56
Mastercard,4758,2014,4702.8,82
Johnnie Walker,4745,2013,4700.6,76
Nestl??,4744,2005,4722.5,49
Sprite,4733,2018,4743.9,96
Johnnie Walker,4731,2018,4698.4,97
Hennessy,4722,2018,NA,98
Prada,4716,2017,4794.8,93
Gucci,4715,2004,4753.5,43
Kia,4708,2013,4646.1,77
Amazon,4707,2006,4661.1,50
Caterpillar,4704,2010,4734,60
eBay,4700,2004,4700,44
Nintendo,4696,2018,NA,99
Colgate,4686,2003,4677.6,42
Banco Santander,4660,2013,4671.1,78
3M,4656,2012,4584.9,70
Jack Daniel's,4642,2013,4613,79
Danone,4638,2006,4625.5,51
Hyundai,4604,2009,4628.2,56
Porsche,4603,2008,4566.2,59
Colgate,4602,2002,4599,41
Shell,4599,2016,4692.1,90
Herm??s,4598,2009,4595.7,57
Dior,4587,2017,4619.2,94
Caterpillar,4580,2006,4530.5,52
Porsche,4580,2011,4562.4,63
Herm??s,4575,2008,4543,60
Colgate,4572,2001,4556.5,38
Philips,4561,2002,4594.9,42
Adobe,4557,2012,4518.3,71
Johnnie Walker,4540,2015,4570.2,87
Nestl??,4529,2004,4522.1,45
Amazon,4528,2000,4528,32
Danone,4513,2005,4510.5,50
Corona,4509,2016,4503.7,91
Tiffany & Co.,4498,2011,4460.9,64
Danone,4488,2004,4462.9,46
Shell,4483,2011,4435,65
Visa,4478,2011,4430,66
Land Rover,4473,2014,4473,83
Philips,4464,2003,4473.7,43
Nestl??,4460,2003,4457,44
Corona,4456,2015,4449.1,88
Hyundai,4453,2007,4415.5,57
Nestl??,4430,2002,4430,43
Colgate,4417,2000,4417,33
Chanel,4416,2004,4405.9,47
FedEx,4414,2014,NA,84
Johnnie Walker,4405,2017,4396.2,95
Porsche,4404,2010,4387,61
Starbucks,4399,2013,4365.3,80
Corona,4387,2014,4375.9,85
Johnson & Johnson,4378,2012,4347.4,72
Philips,4378,2004,4386.6,48
Jack Daniel's,4352,2012,4348.7,73
Panasonic,4351,2010,4338.4,62
Burberry,4342,2012,4281,74
Harley-Davidson,4337,2009,4664.2,58
Heineken,4331,2013,4291.8,81
Jack Daniel's,4319,2011,4290.7,67
Johnnie Walker,4317,2016,4339.3,92
Chanel,4315,2003,4310.7,45
Huawei,4313,2014,4313,86
Johnnie Walker,4301,2012,4255.1,75
adidas,4290,2006,4264.3,53
Panasonic,4281,2008,4266.4,61
Corona,4276,2013,4254.5,82
Chanel,4272,2002,4271.3,44
Prada,4271,2012,NA,76
Chanel,4265,2001,4252.6,39
Herm??s,4255,2007,4214.9,58
PayPal,4251,2015,4251,89
Amazon,4248,2005,4238.8,51
MINI,4243,2015,4243,90
Danone,4237,2003,4218.7,46
Cartier,4236,2008,4197.6,62
Porsche,4235,2007,4204.2,59
Zara,4235,2006,4184.5,54
Porsche,4234,2009,4270.9,59
Harley-Davidson,4230,2013,4192.7,83
Panasonic,4225,2009,4230.6,60
Heineken,4221,2014,4232,87
John Deere,4221,2012,4164,77
Subaru,4214,2018,4214,100
Tiffany & Co.,4208,2008,4187.5,63
Mastercard,4206,2013,4175,84
Adobe,4170,2011,4115.6,68
Audi,4165,2006,4117.1,55
Amazon,4156,2004,4080.7,49
Johnson & Johnson,4155,2010,4124.2,63
Chanel,4141,2000,4141,34
Panasonic,4135,2007,4119.2,60
Tiffany & Co.,4127,2010,4114.3,64
Kia,4089,2012,4089,78
Caterpillar,4085,2005,4056.6,52
Hyundai,4078,2006,4018.2,56
Johnson & Johnson,4072,2011,4080.3,69
Starbucks,4062,2012,4022.1,79
Corona,4061,2012,4047.3,80
Danone,4054,2002,4054,45
Cartier,4052,2010,4043.6,65
Jack Daniel's,4036,2010,NA,66
adidas,4033,2005,4003.7,53
Allianz,4033,2008,4025.4,64
Shell,4003,2010,3925.5,67
Tiffany & Co.,4003,2007,3984.6,61
Tiffany & Co.,4000,2009,4020.8,61
Visa,3998,2010,3915.2,68
Panasonic,3977,2006,3950.7,57
Cartier,3968,2009,3994.8,62
Allianz,3957,2007,3957,62
3M,3945,2011,3909.1,70
Heineken,3939,2012,3926,81
Porsche,3927,2006,3912,58
Corona,3924,2011,3916.3,71
Mastercard,3896,2012,3896,82
Starbucks,3879,2008,3854.2,65
Harley-Davidson,3857,2012,3822.5,83
Herm??s,3854,2006,3822.6,59
Cartier,3852,2007,3802.8,63
Corona,3847,2010,3847,69
Johnson & Johnson,3847,2009,3820.5,63
Johnnie Walker,3842,2011,3813.5,72
Allianz,3831,2009,3851.2,64
Nissan,3819,2011,NA,73
Tiffany & Co.,3819,2006,3798.9,60
Heineken,3809,2011,3779.7,74
Caterpillar,3801,2004,3757.2,50
adidas,3791,2000,3791,35
Porsche,3777,2005,3763.9,54
Ferrari,3770,2012,3752.1,84
adidas,3740,2004,3733.9,51
Panasonic,3734,2000,3734,36
Burberry,3732,2011,3669.8,75
Zara,3730,2005,3730,55
Panasonic,3714,2005,3690.6,56
adidas,3690,2002,3686,46
Audi,3686,2005,3646.2,57
adidas,3679,2003,3680.1,47
Starbucks,3663,2011,3630.6,76
John Deere,3651,2011,3651,77
adidas,3650,2001,3664.1,40
Porsche,3646,2004,3646,52
Hennessy,3638,2007,3631.8,64
Tiffany & Co.,3638,2004,3628.2,53
Starbucks,3631,2007,3577.8,65
Adobe,3626,2010,3579.5,70
Tiffany & Co.,3618,2005,3620,58
Ferrari,3591,2011,3588.1,78
3M,3586,2010,3586,71
Prada,3585,2008,3555.1,66
Johnson & Johnson,3582,2008,3568.3,67
Hennessy,3576,2006,3538.5,61
Ferrari,3562,2010,3558.5,72
Johnnie Walker,3557,2010,NA,73
Herm??s,3540,2005,3523.6,59
Tiffany & Co.,3540,2003,3534.2,48
Ferrari,3527,2008,3527,68
Ferrari,3527,2009,3527,65
Heineken,3516,2010,NA,74
Harley-Davidson,3512,2011,3488.9,79
Panasonic,3490,2001,3514.4,41
Tiffany & Co.,3483,2001,3483,42
Tiffany & Co.,3482,2002,3482.1,47
Hyundai,3480,2005,3480,60
Panasonic,3480,2004,3457.7,54
Shell,3471,2008,3457,69
Johnson & Johnson,3445,2007,3419.8,66
Herm??s,3416,2003,3416,49
Amazon,3403,2003,3380.2,50
Herm??s,3376,2004,3380,55
Caterpillar,3363,2003,3348.5,51
Cartier,3360,2006,3329,62
Starbucks,3339,2010,3331.4,75
Visa,3338,2008,3338,70
Shell,3331,2007,3315.2,67
Audi,3288,2004,3288,56
Prada,3286,2007,3244.8,68
Harley-Davidson,3281,2010,3386.6,76
Starbucks,3263,2009,3324.6,66
Panasonic,3257,2003,3245.4,52
Shell,3228,2009,3252.3,67
Caterpillar,3218,2002,3218,48
Nissan,3203,2005,3166,61
Hennessy,3201,2005,3189.3,62
Johnson & Johnson,3193,2006,3177.7,63
Amazon,3175,2002,3170.5,49
Shell,3173,2006,3160.5,64
Visa,3170,2009,3186.8,68
Adobe,3161,2009,3161,69
Panasonic,3141,2002,3175.9,50
Amazon,3130,2001,3269.8,43
Burberry,3110,2010,3108.5,77
Nissan,3108,2006,3117.5,65
Starbucks,3099,2006,3046.7,66
Burberry,3095,2009,NA,70
Hennessy,3084,2004,3075.2,57
Cartier,3050,2005,3019.9,63
Shell,3048,2005,3041.7,64
Johnson & Johnson,3040,2005,3031.2,65
Hennessy,2996,2003,2996,53
Shell,2985,2004,2984.8,58
Shell,2983,2003,2965.7,54
Johnson & Johnson,2952,2004,2927.4,59
Prada,2874,2006,2862.6,67
Shell,2844,2001,2838.2,44
Nissan,2833,2004,2799.2,60
Shell,2810,2002,2813.4,51
Shell,2786,2000,2786,37
Burberry,2783,2006,2783,68
Prada,2760,2005,2740.8,66
Cartier,2749,2004,2749,61
Johnson & Johnson,2706,2003,2686.3,55
Starbucks,2576,2005,2558.4,67
Prada,2568,2004,2564.7,62
Prada,2535,2003,2530.4,56
Johnson & Johnson,2509,2002,2509,52
Nissan,2495,2003,2495,57
Prada,2489,2002,2489,53
Heineken,2431,2003,2427.5,58
Starbucks,2400,2004,2373.6,63
Heineken,2396,2002,2383,54
Heineken,2380,2004,2385.1,64
Heineken,2266,2001,2261.2,45
Heineken,2218,2000,2218,38
Starbucks,2136,2003,2118.5,59
Starbucks,1961,2002,1940.6,55
FedEx,1919,2002,1915.6,56
FedEx,1885,2001,1885,46
Starbucks,1757,2001,1714.2,47
Johnnie Walker,1654,2002,1653.5,57
Johnnie Walker,1649,2001,1638.2,48
Jack Daniel's,1583,2001,1572.7,49
Jack Daniel's,1580,2002,1580.3,58
Johnnie Walker,1541,2000,1541,39
Jack Daniel's,1480,2000,1480,40
Pampers,1400,2000,1400,41
Starbucks,1329,2000,1329,42
3M,NA,2000,NA,43
3M,NA,2001,NA,50
3M,NA,2002,NA,59
3M,NA,2003,NA,60
3M,NA,2004,NA,65
3M,NA,2005,NA,68
3M,NA,2006,NA,69
3M,NA,2007,NA,69
3M,NA,2008,NA,71
3M,NA,2009,NA,71
Accenture,NA,2000,NA,44
Accenture,NA,2001,NA,51
Adobe,NA,2000,NA,45
Adobe,NA,2001,NA,52
Adobe,NA,2002,NA,60
Adobe,NA,2003,NA,61
Adobe,NA,2004,NA,66
Adobe,NA,2005,NA,69
Adobe,NA,2006,NA,70
Adobe,NA,2007,NA,70
Adobe,NA,2008,NA,72
Allianz,NA,2000,NA,46
Allianz,NA,2001,NA,53
Allianz,NA,2002,NA,61
Allianz,NA,2003,NA,62
Allianz,NA,2004,NA,67
Allianz,NA,2005,NA,70
Allianz,NA,2006,NA,71
Audi,NA,2000,NA,47
Audi,NA,2001,NA,54
Audi,NA,2002,NA,62
Audi,NA,2003,NA,63
AXA,NA,2000,NA,48
AXA,NA,2001,NA,55
AXA,NA,2002,NA,63
AXA,NA,2003,NA,64
AXA,NA,2004,NA,68
AXA,NA,2005,NA,71
AXA,NA,2006,NA,72
Banco Santander,NA,2000,NA,49
Banco Santander,NA,2001,NA,56
Banco Santander,NA,2002,NA,64
Banco Santander,NA,2003,NA,65
Banco Santander,NA,2004,NA,69
Banco Santander,NA,2005,NA,72
Banco Santander,NA,2006,NA,73
Banco Santander,NA,2007,NA,71
Banco Santander,NA,2008,NA,73
Banco Santander,NA,2009,NA,72
Burberry,NA,2000,NA,50
Burberry,NA,2001,NA,57
Burberry,NA,2002,NA,65
Burberry,NA,2003,NA,66
Burberry,NA,2004,NA,70
Burberry,NA,2005,NA,73
Burberry,NA,2007,NA,72
Burberry,NA,2008,NA,74
Canon,NA,2000,NA,51
Cartier,NA,2000,NA,52
Cartier,NA,2001,NA,58
Cartier,NA,2002,NA,66
Cartier,NA,2003,NA,67
Caterpillar,NA,2000,NA,53
Caterpillar,NA,2001,NA,59
Chanel,NA,2009,NA,73
Chanel,NA,2010,NA,78
Chanel,NA,2011,NA,80
Chanel,NA,2012,NA,85
Chanel,NA,2013,NA,85
Chanel,NA,2014,NA,88
Chanel,NA,2015,NA,91
Chanel,NA,2016,NA,93
Chanel,NA,2017,NA,96
Corona,NA,2000,NA,54
Corona,NA,2001,NA,60
Corona,NA,2002,NA,67
Corona,NA,2003,NA,68
Corona,NA,2004,NA,71
Corona,NA,2005,NA,74
Corona,NA,2006,NA,74
Corona,NA,2007,NA,73
Corona,NA,2008,NA,75
Corona,NA,2009,NA,74
Danone,NA,2000,NA,55
Danone,NA,2001,NA,61
DHL,NA,2000,NA,56
DHL,NA,2001,NA,62
DHL,NA,2002,NA,68
DHL,NA,2003,NA,69
DHL,NA,2004,NA,72
DHL,NA,2005,NA,75
DHL,NA,2006,NA,75
DHL,NA,2007,NA,74
DHL,NA,2008,NA,76
DHL,NA,2009,NA,75
DHL,NA,2010,NA,79
DHL,NA,2011,NA,81
DHL,NA,2012,NA,86
DHL,NA,2013,NA,86
Dior,NA,2000,NA,57
Dior,NA,2001,NA,63
Dior,NA,2002,NA,69
Dior,NA,2003,NA,70
Dior,NA,2004,NA,73
Dior,NA,2005,NA,76
Dior,NA,2006,NA,76
Dior,NA,2007,NA,75
Dior,NA,2008,NA,77
Dior,NA,2009,NA,76
Dior,NA,2010,NA,80
Dior,NA,2011,NA,82
Dior,NA,2012,NA,87
Dior,NA,2013,NA,87
Dior,NA,2014,NA,89
Dior,NA,2015,NA,92
Discovery,NA,2000,NA,58
Discovery,NA,2001,NA,64
Discovery,NA,2002,NA,70
Discovery,NA,2003,NA,71
Discovery,NA,2004,NA,74
Discovery,NA,2005,NA,77
Discovery,NA,2006,NA,77
Discovery,NA,2007,NA,76
Discovery,NA,2008,NA,78
Discovery,NA,2009,NA,77
Discovery,NA,2010,NA,81
Discovery,NA,2011,NA,83
Discovery,NA,2012,NA,88
eBay,NA,2000,NA,59
eBay,NA,2001,NA,65
eBay,NA,2002,NA,71
eBay,NA,2003,NA,72
Facebook,NA,2000,NA,60
Facebook,NA,2001,NA,66
Facebook,NA,2002,NA,72
Facebook,NA,2003,NA,73
Facebook,NA,2004,NA,75
Facebook,NA,2005,NA,78
Facebook,NA,2006,NA,78
Facebook,NA,2007,NA,77
Facebook,NA,2008,NA,79
Facebook,NA,2009,NA,78
Facebook,NA,2010,NA,82
Facebook,NA,2011,NA,84
FedEx,NA,2000,NA,61
FedEx,NA,2003,NA,74
FedEx,NA,2004,NA,76
FedEx,NA,2005,NA,79
FedEx,NA,2006,NA,79
FedEx,NA,2007,NA,78
FedEx,NA,2008,NA,80
FedEx,NA,2009,NA,79
FedEx,NA,2010,NA,83
FedEx,NA,2011,NA,85
FedEx,NA,2012,NA,89
FedEx,NA,2013,NA,88
Ferrari,NA,2000,NA,62
Ferrari,NA,2001,NA,67
Ferrari,NA,2002,NA,73
Ferrari,NA,2003,NA,75
Ferrari,NA,2004,NA,77
Ferrari,NA,2005,NA,80
Ferrari,NA,2006,NA,80
Ferrari,NA,2007,NA,79
Ferrari,NA,2013,NA,89
Ferrari,NA,2014,NA,90
Ferrari,NA,2015,NA,93
Ferrari,NA,2016,NA,94
Goldman Sachs,NA,2000,NA,63
Google,NA,2000,NA,64
Google,NA,2001,NA,68
Google,NA,2002,NA,74
Google,NA,2003,NA,76
Google,NA,2004,NA,78
H&M,NA,2000,NA,65
H&M,NA,2001,NA,69
H&M,NA,2002,NA,75
H&M,NA,2003,NA,77
H&M,NA,2004,NA,79
H&M,NA,2005,NA,81
H&M,NA,2006,NA,81
H&M,NA,2007,NA,80
Harley-Davidson,NA,2000,NA,66
Heineken,NA,2005,NA,82
Heineken,NA,2006,NA,82
Heineken,NA,2007,NA,81
Heineken,NA,2008,NA,81
Heineken,NA,2009,NA,80
Hennessy,NA,2000,NA,67
Hennessy,NA,2001,NA,70
Hennessy,NA,2002,NA,76
Hennessy,NA,2008,NA,82
Hennessy,NA,2009,NA,81
Hennessy,NA,2010,NA,84
Hennessy,NA,2011,NA,86
Hennessy,NA,2012,NA,90
Hennessy,NA,2013,NA,90
Hennessy,NA,2014,NA,91
Hennessy,NA,2015,NA,94
Hennessy,NA,2016,NA,95
Hennessy,NA,2017,NA,97
Herm??s,NA,2000,NA,68
Herm??s,NA,2001,NA,71
Herm??s,NA,2002,NA,77
Hewlett Packard Enterprise,NA,2000,NA,69
Hewlett Packard Enterprise,NA,2001,NA,72
Hewlett Packard Enterprise,NA,2002,NA,78
Hewlett Packard Enterprise,NA,2003,NA,78
Hewlett Packard Enterprise,NA,2004,NA,80
Hewlett Packard Enterprise,NA,2005,NA,83
Hewlett Packard Enterprise,NA,2006,NA,83
Hewlett Packard Enterprise,NA,2007,NA,82
Hewlett Packard Enterprise,NA,2008,NA,83
Hewlett Packard Enterprise,NA,2009,NA,82
Hewlett Packard Enterprise,NA,2010,NA,85
Hewlett Packard Enterprise,NA,2011,NA,87
Hewlett Packard Enterprise,NA,2012,NA,91
Hewlett Packard Enterprise,NA,2013,NA,91
Hewlett Packard Enterprise,NA,2014,NA,92
Hewlett Packard Enterprise,NA,2015,NA,95
HSBC,NA,2000,NA,70
HSBC,NA,2001,NA,73
HSBC,NA,2002,NA,79
Huawei,NA,2000,NA,71
Huawei,NA,2001,NA,74
Huawei,NA,2002,NA,80
Huawei,NA,2003,NA,79
Huawei,NA,2004,NA,81
Huawei,NA,2005,NA,84
Huawei,NA,2006,NA,84
Huawei,NA,2007,NA,83
Huawei,NA,2008,NA,84
Huawei,NA,2009,NA,83
Huawei,NA,2010,NA,86
Huawei,NA,2011,NA,88
Huawei,NA,2012,NA,92
Huawei,NA,2013,NA,92
Hyundai,NA,2000,NA,72
Hyundai,NA,2001,NA,75
Hyundai,NA,2002,NA,81
Hyundai,NA,2003,NA,80
Hyundai,NA,2004,NA,82
J.P. Morgan,NA,2000,NA,73
J.P. Morgan,NA,2001,NA,76
Jack Daniel's,NA,2003,NA,81
Jack Daniel's,NA,2004,NA,83
Jack Daniel's,NA,2005,NA,85
Jack Daniel's,NA,2006,NA,85
Jack Daniel's,NA,2007,NA,84
Jack Daniel's,NA,2008,NA,85
Jack Daniel's,NA,2009,NA,84
John Deere,NA,2000,NA,74
John Deere,NA,2001,NA,77
John Deere,NA,2002,NA,82
John Deere,NA,2003,NA,82
John Deere,NA,2004,NA,84
John Deere,NA,2005,NA,86
John Deere,NA,2006,NA,86
John Deere,NA,2007,NA,85
John Deere,NA,2008,NA,86
John Deere,NA,2009,NA,85
John Deere,NA,2010,NA,87
Johnnie Walker,NA,2003,NA,83
Johnnie Walker,NA,2004,NA,85
Johnnie Walker,NA,2005,NA,87
Johnnie Walker,NA,2006,NA,87
Johnnie Walker,NA,2007,NA,86
Johnnie Walker,NA,2008,NA,87
Johnnie Walker,NA,2009,NA,86
Johnson & Johnson,NA,2000,NA,75
Johnson & Johnson,NA,2001,NA,78
KFC,NA,2000,NA,76
Kia,NA,2000,NA,77
Kia,NA,2001,NA,79
Kia,NA,2002,NA,83
Kia,NA,2003,NA,84
Kia,NA,2004,NA,86
Kia,NA,2005,NA,88
Kia,NA,2006,NA,88
Kia,NA,2007,NA,87
Kia,NA,2008,NA,88
Kia,NA,2009,NA,87
Kia,NA,2010,NA,88
Kia,NA,2011,NA,89
L'Or??al,NA,2000,NA,78
L'Or??al,NA,2001,NA,80
Land Rover,NA,2000,NA,79
Land Rover,NA,2001,NA,81
Land Rover,NA,2002,NA,84
Land Rover,NA,2003,NA,85
Land Rover,NA,2004,NA,87
Land Rover,NA,2005,NA,89
Land Rover,NA,2006,NA,89
Land Rover,NA,2007,NA,88
Land Rover,NA,2008,NA,89
Land Rover,NA,2009,NA,88
Land Rover,NA,2010,NA,89
Land Rover,NA,2011,NA,90
Land Rover,NA,2012,NA,93
Land Rover,NA,2013,NA,93
LEGO,NA,2000,NA,80
LEGO,NA,2001,NA,82
LEGO,NA,2002,NA,85
LEGO,NA,2003,NA,86
LEGO,NA,2004,NA,88
LEGO,NA,2005,NA,90
LEGO,NA,2006,NA,90
LEGO,NA,2007,NA,89
LEGO,NA,2008,NA,90
LEGO,NA,2009,NA,89
LEGO,NA,2010,NA,90
LEGO,NA,2011,NA,91
LEGO,NA,2012,NA,94
LEGO,NA,2013,NA,94
LEGO,NA,2014,NA,93
Mastercard,NA,2000,NA,81
Mastercard,NA,2001,NA,83
Mastercard,NA,2002,NA,86
Mastercard,NA,2003,NA,87
Mastercard,NA,2004,NA,89
Mastercard,NA,2005,NA,91
Mastercard,NA,2006,NA,91
Mastercard,NA,2007,NA,90
Mastercard,NA,2008,NA,91
Mastercard,NA,2009,NA,90
Mastercard,NA,2010,NA,91
Mastercard,NA,2011,NA,92
MINI,NA,2000,NA,82
MINI,NA,2001,NA,84
MINI,NA,2002,NA,87
MINI,NA,2003,NA,88
MINI,NA,2004,NA,90
MINI,NA,2005,NA,92
MINI,NA,2006,NA,92
MINI,NA,2007,NA,91
MINI,NA,2008,NA,92
MINI,NA,2009,NA,91
MINI,NA,2010,NA,92
MINI,NA,2011,NA,93
MINI,NA,2012,NA,95
MINI,NA,2013,NA,95
MINI,NA,2014,NA,94
Morgan Stanley,NA,2000,NA,83
Morgan Stanley,NA,2001,NA,85
Nestl??,NA,2000,NA,84
Nestl??,NA,2001,NA,86
Netflix,NA,2000,NA,85
Netflix,NA,2001,NA,87
Netflix,NA,2002,NA,88
Netflix,NA,2003,NA,89
Netflix,NA,2004,NA,91
Netflix,NA,2005,NA,93
Netflix,NA,2006,NA,93
Netflix,NA,2007,NA,92
Netflix,NA,2008,NA,93
Netflix,NA,2009,NA,92
Netflix,NA,2010,NA,93
Netflix,NA,2011,NA,94
Netflix,NA,2012,NA,96
Netflix,NA,2013,NA,96
Netflix,NA,2014,NA,95
Netflix,NA,2015,NA,96
Netflix,NA,2016,NA,96
Nintendo,NA,2000,NA,86
Nintendo,NA,2014,NA,96
Nintendo,NA,2015,NA,97
Nintendo,NA,2016,NA,97
Nintendo,NA,2017,NA,98
Nissan,NA,2000,NA,87
Nissan,NA,2001,NA,88
Nissan,NA,2002,NA,89
Nissan,NA,2007,NA,93
Nissan,NA,2008,NA,94
Nissan,NA,2009,NA,93
Nissan,NA,2010,NA,94
Oracle,NA,2000,NA,88
Pampers,NA,2001,NA,89
Pampers,NA,2002,NA,90
Pampers,NA,2003,NA,90
Pampers,NA,2004,NA,92
Pampers,NA,2005,NA,94
Pampers,NA,2006,NA,94
Pampers,NA,2007,NA,94
Pampers,NA,2008,NA,95
Pampers,NA,2009,NA,94
Pampers,NA,2010,NA,95
Pampers,NA,2011,NA,95
PayPal,NA,2000,NA,89
PayPal,NA,2001,NA,90
PayPal,NA,2002,NA,91
PayPal,NA,2003,NA,91
PayPal,NA,2004,NA,93
PayPal,NA,2005,NA,95
PayPal,NA,2006,NA,95
PayPal,NA,2007,NA,95
PayPal,NA,2008,NA,96
PayPal,NA,2009,NA,95
PayPal,NA,2010,NA,96
PayPal,NA,2011,NA,96
PayPal,NA,2012,NA,97
PayPal,NA,2013,NA,97
PayPal,NA,2014,NA,97
Porsche,NA,2000,NA,90
Porsche,NA,2001,NA,91
Porsche,NA,2002,NA,92
Porsche,NA,2003,NA,92
Prada,NA,2000,NA,91
Prada,NA,2001,NA,92
Prada,NA,2009,NA,96
Prada,NA,2010,NA,97
Prada,NA,2011,NA,97
Salesforce.com,NA,2000,NA,92
Salesforce.com,NA,2001,NA,93
Salesforce.com,NA,2002,NA,93
Salesforce.com,NA,2003,NA,93
Salesforce.com,NA,2004,NA,94
Salesforce.com,NA,2005,NA,96
Salesforce.com,NA,2006,NA,96
Salesforce.com,NA,2007,NA,96
Salesforce.com,NA,2008,NA,97
Salesforce.com,NA,2009,NA,97
Salesforce.com,NA,2010,NA,98
Salesforce.com,NA,2011,NA,98
Salesforce.com,NA,2012,NA,98
Salesforce.com,NA,2013,NA,98
Salesforce.com,NA,2014,NA,98
Salesforce.com,NA,2015,NA,98
Salesforce.com,NA,2016,NA,98
Siemens,NA,2000,NA,93
Siemens,NA,2001,NA,94
Siemens,NA,2002,NA,94
Siemens,NA,2003,NA,94
Spotify,NA,2000,NA,94
Spotify,NA,2001,NA,95
Spotify,NA,2002,NA,95
Spotify,NA,2003,NA,95
Spotify,NA,2004,NA,95
Spotify,NA,2005,NA,97
Spotify,NA,2006,NA,97
Spotify,NA,2007,NA,97
Spotify,NA,2008,NA,98
Spotify,NA,2009,NA,98
Spotify,NA,2010,NA,99
Spotify,NA,2011,NA,99
Spotify,NA,2012,NA,99
Spotify,NA,2013,NA,99
Spotify,NA,2014,NA,99
Spotify,NA,2015,NA,99
Spotify,NA,2016,NA,99
Spotify,NA,2017,NA,99
Sprite,NA,2000,NA,95
Sprite,NA,2001,NA,96
Sprite,NA,2002,NA,96
Sprite,NA,2003,NA,96
Sprite,NA,2004,NA,96
Sprite,NA,2005,NA,98
Sprite,NA,2006,NA,98
Sprite,NA,2007,NA,98
Sprite,NA,2008,NA,99
Sprite,NA,2009,NA,99
Subaru,NA,2000,NA,96
Subaru,NA,2001,NA,97
Subaru,NA,2002,NA,97
Subaru,NA,2003,NA,97
Subaru,NA,2004,NA,97
Subaru,NA,2005,NA,99
Subaru,NA,2006,NA,99
Subaru,NA,2007,NA,99
Subaru,NA,2008,NA,100
Subaru,NA,2009,NA,100
Subaru,NA,2010,NA,100
Subaru,NA,2011,NA,100
Subaru,NA,2012,NA,100
Subaru,NA,2013,NA,100
Subaru,NA,2014,NA,100
Subaru,NA,2015,NA,100
Subaru,NA,2016,NA,100
Subaru,NA,2017,NA,100
Tiffany & Co.,NA,2000,NA,97
UPS,NA,2000,NA,98
UPS,NA,2001,NA,98
UPS,NA,2002,NA,98
UPS,NA,2003,NA,98
UPS,NA,2004,NA,98
Visa,NA,2000,NA,99
Visa,NA,2001,NA,99
Visa,NA,2002,NA,99
Visa,NA,2003,NA,99
Visa,NA,2004,NA,99
Visa,NA,2005,NA,100
Visa,NA,2006,NA,100
Visa,NA,2007,NA,100
Zara,NA,2000,NA,100
Zara,NA,2001,NA,100
Zara,NA,2002,NA,100
Zara,NA,2003,NA,100
Zara,NA,2004,NA,100
